DeviceAddress,Nome,MAC,TAG,LAT,LONG,Grupo,Modelo
000AF52C,Luminaria,5C-CF-7F-0A-F5-2C,L107,-29.67423597,-51.12000968,Grupo 1,0,HDA-01
000AF5C1,Luminaria,5C-CF-7F-0A-F5-C1,L132,-29.68663011,-51.09775882,Grupo 1,0,HDA-01
0006E649,Luminaria,5C-CF-7F-06-E6-49,L160,-29.66839225,-51.08316544,Grupo 1,0,HDA-01
000AF626,Luminaria,5C-CF-7F-0A-F6-26,L150,-29.69386197,-51.1169544,Grupo 1,0,HDA-01
0006E635,Luminaria,5C-CF-7F-06-E6-35,L185,-29.68006709,-51.08600948,Grupo 1,0,HDA-01
0006E4D4,Luminaria,5C-CF-7F-06-E4-D4,L210,-29.6762166,-51.10579626,Grupo 1,0,HDA-01
000AF563,Luminaria,5C-CF-7F-0A-F5-63,L200,-29.66616066,-51.11437617,Grupo 1,0,HDA-01
0006E4ED,Luminaria,5C-CF-7F-06-E4-ED,L175,-29.67122023,-51.09857803,Grupo 1,0,HDA-01
0006E517,Luminaria,5C-CF-7F-06-E5-17,L103,-29.6858548,-51.14928074,Grupo 1,0,HDA-01
0006E401,Luminaria,5C-CF-7F-06-E4-01,L225,-29.67518552,-51.11171122,Grupo 1,0,HDA-01
000AF659,Luminaria,5C-CF-7F-0A-F6-59,L156,-29.67390737,-51.13010081,Grupo 1,0,HDA-01
0006E5BA,Luminaria,5C-CF-7F-06-E5-BA,L146,-29.68848634,-51.07954242,Grupo 1,0,HDA-01
0006E42A,Luminaria,5C-CF-7F-06-E4-2A,L181,-29.69351365,-51.08876314,Grupo 1,0,HDA-01
0006E73B,Luminaria,5C-CF-7F-06-E7-3B,L171,-29.66991777,-51.11324224,Grupo 1,0,HDA-01
0006E65E,Luminaria,5C-CF-7F-06-E6-5E,L206,-29.6841483,-51.14721149,Grupo 1,0,HDA-01
0006E3C5,Luminaria,5C-CF-7F-06-E3-C5,L196,-29.69070173,-51.07763149,Grupo 1,0,HDA-01
0006E49C,Luminaria,5C-CF-7F-06-E4-9C,L083,-29.6764945,-51.15547529,Grupo 1,0,HDA-01
000AF49E,Luminaria,5C-CF-7F-0A-F4-9E,L221,-29.68041941,-51.08476134,Grupo 1,0,HDA-01
000AF57C,Luminaria,5C-CF-7F-0A-F5-7C,L152,-29.67790001,-51.07806905,Grupo 1,0,HDA-01
000AF53E,Luminaria,5C-CF-7F-0A-F5-3E,L142,-29.68982444,-51.10766904,Grupo 1,0,HDA-01
0006E559,Luminaria,5C-CF-7F-06-E5-59,L177,-29.67596991,-51.08006695,Grupo 1,0,HDA-01
000AF47C,Luminaria,5C-CF-7F-0A-F4-7C,L167,-29.68647307,-51.09206212,Grupo 1,0,HDA-01
000AF543,Luminaria,5C-CF-7F-0A-F5-43,L202,-29.69538167,-51.09350018,Grupo 1,0,HDA-01
000AF434,Luminaria,5C-CF-7F-0A-F4-34,L192,-29.68502631,-51.15437234,Grupo 1,0,HDA-01
0006E6B7,Luminaria,5C-CF-7F-06-E6-B7,L227,-29.69077463,-51.09974005,Grupo 1,0,HDA-01
0006E57A,Luminaria,5C-CF-7F-06-E5-7A,L217,-29.67785417,-51.12887597,Grupo 1,0,HDA-01
0006E5AF,Luminaria,5C-CF-7F-06-E5-AF,L148,-29.68486057,-51.13115099,Grupo 1,0,HDA-01
0006E710,Luminaria,5C-CF-7F-06-E7-10,L056,-29.66884652,-51.11502734,Grupo 1,0,HDA-01
0006E69A,Luminaria,5C-CF-7F-06-E6-9A,L173,-29.66725909,-51.11679025,Grupo 1,0,HDA-01
0006E6D0,Luminaria,5C-CF-7F-06-E6-D0,L061,-29.69224181,-51.12471805,Grupo 1,0,HDA-01
000AF588,Luminaria,5C-CF-7F-0A-F5-88,L053,-29.66679782,-51.09638974,Grupo 1,0,HDA-01
0006E34D,Luminaria,5C-CF-7F-06-E3-4D,L066,-29.67500132,-51.09221264,Grupo 1,0,HDA-01
0006E659,Luminaria,5C-CF-7F-06-E6-59,L058,-29.67762685,-51.14645551,Grupo 1,0,HDA-01
0006E77F,Luminaria,5C-CF-7F-06-E7-7F,L071,-29.68567322,-51.09188485,Grupo 1,0,HDA-01
0006E48A,Luminaria,5C-CF-7F-06-E4-8A,L063,-29.68485335,-51.11214872,Grupo 1,0,HDA-01
000AF5DE,Luminaria,5C-CF-7F-0A-F5-DE,L016,-29.67005663,-51.11452466,Grupo 1,0,HDA-01
009E80F1,Luminaria,18-FE-34-9E-80-F1,L021,-29.66576006,-51.08443023,Grupo 1,0,HDA-01
009E81AD,Luminaria,18-FE-34-9E-81-AD,L019,-29.67530065,-51.12840282,Grupo 1,0,HDA-01
000AF547,Luminaria,5C-CF-7F-0A-F5-47,L018,-29.69362087,-51.1313557,Grupo 1,0,HDA-01
009E825A,Luminaria,18-FE-34-9E-82-5A,L017,-29.66847063,-51.1190813,Grupo 1,0,HDA-01
009E82D7,Luminaria,18-FE-34-9E-82-D7,L022,-29.69095484,-51.14547792,Grupo 1,0,HDA-01
009E7CC7,Luminaria,18-FE-34-9E-7C-C7,L023,-29.68032026,-51.09514171,Grupo 1,0,HDA-01
009E81EE,Luminaria,18-FE-34-9E-81-EE,L027,-29.66772914,-51.10065358,Grupo 1,0,HDA-01
000AF5FF,Luminaria,5C-CF-7F-0A-F5-FF,L024,-29.67983019,-51.14395597,Grupo 1,0,HDA-01
009E82A8,Luminaria,18-FE-34-9E-82-A8,L026,-29.66616481,-51.1565456,Grupo 1,0,HDA-01
009E7CC0,Luminaria,18-FE-34-9E-7C-C0,L028,-29.66809697,-51.07627209,Grupo 1,0,HDA-01
009E7E47,Luminaria,18-FE-34-9E-7E-47,L029,-29.66741822,-51.13454194,Grupo 1,0,HDA-01
009E824F,Luminaria,18-FE-34-9E-82-4F,L030,-29.66781425,-51.12342445,Grupo 11,0,HDA-01
0006E3EE,Luminaria,5C-CF-7F-06-E3-EE,L031,-29.68192302,-51.08702834,Grupo 1,0,HDA-01
0006E368,Luminaria,5C-CF-7F-06-E3-68,L032,-29.68360105,-51.09941973,Grupo 1,0,HDA-01
000AF49B,Luminaria,5C-CF-7F-0A-F4-9B,L033,-29.66827688,-51.13795785,Grupo 1,0,HDA-01
0006E336,Luminaria,5C-CF-7F-06-E3-36,L034,-29.69198958,-51.09638731,Grupo 1,0,HDA-01
000AF516,Luminaria,5C-CF-7F-0A-F5-16,L035,-29.67965624,-51.13027165,Grupo 1,0,HDA-01
009E80C6,Luminaria,18-FE-34-9E-80-C6,L036,-29.67301006,-51.1533063,Grupo 1,0,HDA-01
0006E59F,Luminaria,5C-CF-7F-06-E5-9F,L037,-29.68343342,-51.09127305,Grupo 1,0,HDA-01
009E7E98,Luminaria,18-FE-34-9E-7E-98,L038,-29.68895925,-51.1100269,Grupo 1,0,HDA-01
0006E6FA,Luminaria,5C-CF-7F-06-E6-FA,L090,-29.6745468,-51.138138,Grupo 1,0,HDA-01
0006E6F6,Luminaria,5C-CF-7F-06-E6-F6,L147,-29.67996675,-51.137753,Grupo 1,0,HDA-01
0006E717,Luminaria,5C-CF-7F-06-E7-17,L149,-29.6886484,-51.1208049,Grupo 1,0,HDA-01
0006E395,Luminaria,5C-CF-7F-06-E3-95,L209,-29.684601,-51.07732364,Grupo 1,0,HDA-01
000AF64A,Luminaria,5C-CF-7F-0A-F6-4A,L629,-29.66618572,-51.11168761,Grupo 1,0,HDA-01
0006E578,Luminaria,5C-CF-7F-06-E5-78,L634,-29.67982794,-51.12905516,Grupo 1,0,HDA-01
0006E490,Luminaria,5C-CF-7F-06-E4-90,L636,-29.66937582,-51.08234192,Grupo 1,0,HDA-01
0006E675,Luminaria,5C-CF-7F-06-E6-75,L637,-29.68310625,-51.15860577,Grupo 1,0,HDA-01
000AF5F1,Luminaria,5C-CF-7F-0A-F5-F1,L638,-29.67963358,-51.10736871,Grupo 1,0,HDA-01
000AF62D,Luminaria,5C-CF-7F-0A-F6-2D,L639,-29.67937318,-51.14821696,Grupo 1,0,HDA-01
0006E6D5,Luminaria,5C-CF-7F-06-E6-D5,L635,-29.6947818,-51.13951427,Grupo 1,0,HDA-01
0006E345,Luminaria,5C-CF-7F-06-E3-45,L640,-29.68169831,-51.0808504,Grupo 1,0,HDA-01
000AF5D9,Luminaria,5C-CF-7F-0A-F5-D9,L641,-29.68691812,-51.15629819,Grupo 1,0,HDA-01
0006E6D1,Luminaria,5C-CF-7F-06-E6-D1,L642,-29.68415959,-51.11552189,Grupo 1,0,HDA-01
0006E444,Luminaria,5C-CF-7F-06-E4-44,L643,-29.67131694,-51.12028123,Grupo 1,0,HDA-01
0006E327,Luminaria,5C-CF-7F-06-E3-27,L645,-29.67966015,-51.15470956,Grupo 1,0,HDA-01
0006E3E6,Luminaria,5C-CF-7F-06-E3-E6,L646,-29.68535889,-51.08382611,Grupo 1,0,HDA-01
000AF5BD,Luminaria,5C-CF-7F-0A-F5-BD,L556,-29.68056271,-51.14663981,Grupo 1,0,HDA-01
000AF54B,Luminaria,5C-CF-7F-0A-F5-4B,L557,-29.6692811,-51.15726338,Grupo 1,0,HDA-01
0006E4AF,Luminaria,5C-CF-7F-06-E4-AF,L558,-29.68198888,-51.07896717,Grupo 1,0,HDA-01
000AF653,Luminaria,5C-CF-7F-0A-F6-53,L554,-29.68638232,-51.12511036,Grupo 1,0,HDA-01
000AF5D7,Luminaria,5C-CF-7F-0A-F5-D7,L559,-29.68709017,-51.13853809,Grupo 1,0,HDA-01
0006E702,Luminaria,5C-CF-7F-06-E7-02,L561,-29.69199184,-51.13252219,Grupo 1,0,HDA-01
0006E528,Luminaria,5C-CF-7F-06-E5-28,L560,-29.68051862,-51.15564385,Grupo 1,0,HDA-01
0006E6D3,Luminaria,5C-CF-7F-06-E6-D3,L563,-29.69178365,-51.08227968,Grupo 1,0,HDA-01
0006E612,Luminaria,5C-CF-7F-06-E6-12,L562,-29.67464651,-51.1221012,Grupo 1,0,HDA-01
0006E744,Luminaria,5C-CF-7F-06-E7-44,L565,-29.67965418,-51.11341788,Grupo 1,0,HDA-01
0006E433,Luminaria,5C-CF-7F-06-E4-33,L566,-29.68248899,-51.11477765,Grupo 1,0,HDA-01
0006E32F,Luminaria,5C-CF-7F-06-E3-2F,L568,-29.69465159,-51.10997799,Grupo 1,0,HDA-01
0006E639,Luminaria,5C-CF-7F-06-E6-39,L569,-29.69080981,-51.08048917,Grupo 1,0,HDA-01
000AF58A,Luminaria,5C-CF-7F-0A-F5-8A,L567,-29.68618794,-51.10125205,Grupo 1,0,HDA-01
0006E5C5,Luminaria,5C-CF-7F-06-E5-C5,L570,-29.67700966,-51.08958751,Grupo 1,0,HDA-01
0006E6DE,Luminaria,5C-CF-7F-06-E6-DE,L575,-29.67768555,-51.14366908,Grupo 1,0,HDA-01
0006E662,Luminaria,5C-CF-7F-06-E6-62,L572,-29.68180839,-51.09357802,Grupo 1,0,HDA-01
000AF5F8,Luminaria,5C-CF-7F-0A-F5-F8,L574,-29.6899193,-51.10492015,Grupo 1,0,HDA-01
0006E469,Luminaria,5C-CF-7F-06-E4-69,L577,-29.67014974,-51.15235473,Grupo 1,0,HDA-01
000AF583,Luminaria,5C-CF-7F-0A-F5-83,L571,-29.68479159,-51.13320473,Grupo 1,0,HDA-01
000AF592,Luminaria,5C-CF-7F-0A-F5-92,L573,-29.66829446,-51.0909267,Grupo 1,0,HDA-01
000AF5E6,Luminaria,5C-CF-7F-0A-F5-E6,L578,-29.68076448,-51.12084203,Grupo 1,0,HDA-01
0006E4C1,Luminaria,5C-CF-7F-06-E4-C1,L576,-29.68381568,-51.12362631,Grupo 1,0,HDA-01
000AF515,Luminaria,5C-CF-7F-0A-F5-15,L579,-29.67603163,-51.12821852,Grupo 1,0,HDA-01
0006E561,Luminaria,5C-CF-7F-06-E5-61,L582,-29.67643067,-51.08703547,Grupo 1,0,HDA-01
0006E4B0,Luminaria,5C-CF-7F-06-E4-B0,L669,-29.6705288,-51.1190099,Grupo 1,0,HDA-01
000AF528,Luminaria,5C-CF-7F-0A-F5-28,L430,-29.68311967,-51.15819889,Grupo 1,0,HDA-01
0006E479,Luminaria,5C-CF-7F-06-E4-79,L435,-29.67861615,-51.09922115,Grupo 1,0,HDA-01
0006E5F9,Luminaria,5C-CF-7F-06-E5-F9,L440,-29.69094397,-51.1264464,Grupo 1,0,HDA-01
0006E73F,Luminaria,5C-CF-7F-06-E7-3F,L449,-29.68262888,-51.11124671,Grupo 1,0,HDA-01
000AF532,Luminaria,5C-CF-7F-0A-F5-32,L446,-29.68071007,-51.09520707,Grupo 1,0,HDA-01
0006E5B9,Luminaria,5C-CF-7F-06-E5-B9,L457,-29.6901845,-51.11974152,Grupo 1,0,HDA-01
0006E786,Luminaria,5C-CF-7F-06-E7-86,L460,-29.68839198,-51.10452116,Grupo 1,0,HDA-01
0006E48E,Luminaria,5C-CF-7F-06-E4-8E,L465,-29.66838781,-51.12994013,Grupo 1,0,HDA-01
0006E5B2,Luminaria,5C-CF-7F-06-E5-B2,L470,-29.66652127,-51.09345675,Grupo 1,0,HDA-01
000AF6A8,Luminaria,5C-CF-7F-0A-F6-A8,L475,-29.67874187,-51.14628354,Grupo 1,0,HDA-01
000AF6A1,Luminaria,5C-CF-7F-0A-F6-A1,L480,-29.67193102,-51.12812781,Grupo 1,0,HDA-01
000AF591,Luminaria,5C-CF-7F-0A-F5-91,L485,-29.69370347,-51.1217074,Grupo 1,0,HDA-01
000AF57B,Luminaria,5C-CF-7F-0A-F5-7B,L495,-29.69513856,-51.08786949,Grupo 1,0,HDA-01
0006E6C9,Luminaria,5C-CF-7F-06-E6-C9,L490,-29.67927604,-51.11274001,Grupo 1,0,HDA-01
000AF5D4,Luminaria,5C-CF-7F-0A-F5-D4,L500,-29.66780069,-51.12991769,Grupo 1,0,HDA-01
000AF5E7,Luminaria,5C-CF-7F-0A-F5-E7,L505,-29.68737294,-51.12252919,Grupo 1,0,HDA-01
0006E60E,Luminaria,5C-CF-7F-06-E6-0E,L510,-29.69132837,-51.10815686,Grupo 1,0,HDA-01
0006E610,Luminaria,5C-CF-7F-06-E6-10,L515,-29.69411442,-51.07659073,Grupo 1,0,HDA-01
0006E670,Luminaria,5C-CF-7F-06-E6-70,L520,-29.68438857,-51.15711905,Grupo 1,0,HDA-01
0006E6F7,Luminaria,5C-CF-7F-06-E6-F7,L525,-29.68786167,-51.09272534,Grupo 1,0,HDA-01
000AF479,Luminaria,5C-CF-7F-0A-F4-79,L344,-29.66640663,-51.10827021,Grupo 1,0,HDA-01
0006E64E,Luminaria,5C-CF-7F-06-E6-4E,L359,-29.67999418,-51.15201395,Grupo 1,0,HDA-01
0006E59B,Luminaria,5C-CF-7F-06-E5-9B,L384,-29.67377702,-51.10884472,Grupo 1,0,HDA-01
0006E624,Luminaria,5C-CF-7F-06-E6-24,L348,-29.68434795,-51.08164145,Grupo 1,0,HDA-01
0006E4E4,Luminaria,5C-CF-7F-06-E4-E4,L390,-29.67932394,-51.14611131,Grupo 1,0,HDA-01
000AF4D0,Luminaria,5C-CF-7F-0A-F4-D0,L388,-29.69249201,-51.15514296,Grupo 1,0,HDA-01
0006E34A,Luminaria,5C-CF-7F-06-E3-4A,L402,-29.67060833,-51.10515561,Grupo 1,0,HDA-01
000AF4A0,Luminaria,5C-CF-7F-0A-F4-A0,L407,-29.67820328,-51.11849129,Grupo 1,0,HDA-01
0006E416,Luminaria,5C-CF-7F-06-E4-16,L412,-29.68500139,-51.08287046,Grupo 1,0,HDA-01
0006E531,Luminaria,5C-CF-7F-06-E5-31,L422,-29.67458216,-51.1335209,Grupo 1,0,HDA-01
000AF4E3,Luminaria,5C-CF-7F-0A-F4-E3,L427,-29.67236124,-51.12164514,Grupo 1,0,HDA-01
0006E424,Luminaria,5C-CF-7F-06-E4-24,L417,-29.67347607,-51.0920751,Grupo 1,0,HDA-01
000AF5CE,Luminaria,5C-CF-7F-0A-F5-CE,L453,-29.67134792,-51.07997394,Grupo 1,0,HDA-01
000AF5E5,Luminaria,5C-CF-7F-0A-F5-E5,L432,-29.69407637,-51.12156523,Grupo 1,0,HDA-01
000AF48E,Luminaria,5C-CF-7F-0A-F4-8E,L492,-29.68829053,-51.11040333,Grupo 1,0,HDA-01
000AF4FC,Luminaria,5C-CF-7F-0A-F4-FC,L497,-29.68722898,-51.08480368,Grupo 1,0,HDA-01
0006E74B,Luminaria,5C-CF-7F-06-E7-4B,L437,-29.69405032,-51.09640614,Grupo 1,0,HDA-01
0006E778,Luminaria,5C-CF-7F-06-E7-78,L441,-29.69515681,-51.14034364,Grupo 1,0,HDA-01
000AF5AA,Luminaria,5C-CF-7F-0A-F5-AA,L517,-29.68413634,-51.11384047,Grupo 1,0,HDA-01
000AF440,Luminaria,5C-CF-7F-0A-F4-40,L501,-29.68550074,-51.09244787,Grupo 1,0,HDA-01
000AF4FA,Luminaria,5C-CF-7F-0A-F4-FA,L401,-29.6731355,-51.09143637,Grupo 1,0,HDA-01
0006E42E,Luminaria,5C-CF-7F-06-E4-2E,L436,-29.66939749,-51.14872173,Grupo 1,0,HDA-01
000AF5FA,Luminaria,5C-CF-7F-0A-F5-FA,L461,-29.69593503,-51.14216808,Grupo 1,0,HDA-01
000AF64F,Luminaria,5C-CF-7F-0A-F6-4F,L512,-29.66638943,-51.0974092,Grupo 1,0,HDA-01
000AF441,Luminaria,5C-CF-7F-0A-F4-41,L482,-29.67525091,-51.14566689,Grupo 1,0,HDA-01
0006E712,Luminaria,5C-CF-7F-06-E7-12,L528,-29.67363329,-51.09995702,Grupo 1,0,HDA-01
0006E3C1,Luminaria,5C-CF-7F-06-E3-C1,L486,-29.69036102,-51.08302409,Grupo 1,0,HDA-01
000AF4D5,Luminaria,5C-CF-7F-0A-F4-D5,L421,-29.69432909,-51.11349979,Grupo 1,0,HDA-01
000AF484,Luminaria,5C-CF-7F-0A-F4-84,L416,-29.66983922,-51.14483066,Grupo 1,0,HDA-01
0006E5E1,Luminaria,5C-CF-7F-06-E5-E1,L477,-29.69506463,-51.09480943,Grupo 1,0,HDA-01
000AF6B1,Luminaria,5C-CF-7F-0A-F6-B1,L472,-29.67786437,-51.14971978,Grupo 1,0,HDA-01
000AF4F4,Luminaria,5C-CF-7F-0A-F4-F4,L451,-29.68924885,-51.08383092,Grupo 1,0,HDA-01
000AF4D1,Luminaria,5C-CF-7F-0A-F4-D1,L522,-29.69154911,-51.08666451,Grupo 1,0,HDA-01
000AF549,Luminaria,5C-CF-7F-0A-F5-49,L467,-29.6876724,-51.15412905,Grupo 1,0,HDA-01
0006E5F5,Luminaria,5C-CF-7F-06-E5-F5,L466,-29.67583414,-51.13702433,Grupo 1,0,HDA-01
000AF5C9,Luminaria,5C-CF-7F-0A-F5-C9,L507,-29.68060402,-51.09952193,Grupo 1,0,HDA-01
0006E3BA,Luminaria,5C-CF-7F-06-E3-BA,L445,-29.68326459,-51.07927927,Grupo 1,0,HDA-01
0006E6DD,Luminaria,5C-CF-7F-06-E6-DD,L426,-29.66573049,-51.11717604,Grupo 1,0,HDA-01
000AF66C,Luminaria,5C-CF-7F-0A-F6-6C,L443,-29.68927686,-51.13845648,Grupo 1,0,HDA-01
000AF43A,Luminaria,5C-CF-7F-0A-F4-3A,L454,-29.67803822,-51.15274625,Grupo 1,0,HDA-01
0006E3BE,Luminaria,5C-CF-7F-06-E3-BE,L406,-29.6715306,-51.08775745,Grupo 1,0,HDA-01
0006E495,Luminaria,5C-CF-7F-06-E4-95,L476,-29.6898466,-51.10406442,Grupo 1,0,HDA-01
000AF620,Luminaria,5C-CF-7F-0A-F6-20,L471,-29.68200416,-51.15123117,Grupo 1,0,HDA-01
0006E6CE,Luminaria,5C-CF-7F-06-E6-CE,L531,-29.68300496,-51.09287015,Grupo 1,0,HDA-01
0006E41C,Luminaria,5C-CF-7F-06-E4-1C,L526,-29.67367318,-51.15469149,Grupo 1,0,HDA-01
0006E5B7,Luminaria,5C-CF-7F-06-E5-B7,L456,-29.67141164,-51.12185782,Grupo 1,0,HDA-01
0006E745,Luminaria,5C-CF-7F-06-E7-45,L487,-29.68088586,-51.10846141,Grupo 1,0,HDA-01
0006E523,Luminaria,5C-CF-7F-06-E5-23,L411,-29.6956675,-51.10260309,Grupo 1,0,HDA-01
0006E6EE,Luminaria,5C-CF-7F-06-E6-EE,L502,-29.67377607,-51.1380172,Grupo 1,0,HDA-01
0006E72F,Luminaria,5C-CF-7F-06-E7-2F,L431,-29.67850836,-51.11715597,Grupo 1,0,HDA-01
000AF69C,Luminaria,5C-CF-7F-0A-F6-9C,L448,-29.69305895,-51.14066967,Grupo 1,0,HDA-01
0006E3DF,Luminaria,5C-CF-7F-06-E3-DF,L481,-29.66721474,-51.10711479,Grupo 1,0,HDA-01
000AF66F,Luminaria,5C-CF-7F-0A-F6-6F,L516,-29.67622136,-51.0762832,Grupo 1,0,HDA-01
000AF44A,Luminaria,5C-CF-7F-0A-F4-4A,L511,-29.6695661,-51.14011551,Grupo 1,0,HDA-01
0006E5D7,Luminaria,5C-CF-7F-06-E5-D7,L530,-29.68501559,-51.13854286,Grupo 1,0,HDA-01
0006E587,Luminaria,5C-CF-7F-06-E5-87,L521,-29.68346459,-51.12835309,Grupo 1,0,HDA-01
0006E3B8,Luminaria,5C-CF-7F-06-E3-B8,L506,-29.68862013,-51.13239122,Grupo 1,0,HDA-01
0006E696,Luminaria,5C-CF-7F-06-E6-96,L529,-29.67691464,-51.14499853,Grupo 1,0,HDA-01
000AF494,Luminaria,5C-CF-7F-0A-F4-94,L532,-29.68338804,-51.07786254,Grupo 1,0,HDA-01
0006E5DC,Luminaria,5C-CF-7F-06-E5-DC,L533,-29.68516946,-51.12534948,Grupo 1,0,HDA-01
0006E579,Luminaria,5C-CF-7F-06-E5-79,L534,-29.68063378,-51.08780412,Grupo 1,0,HDA-01
0006E33A,Luminaria,5C-CF-7F-06-E3-3A,L535,-29.68616265,-51.10711879,Grupo 1,0,HDA-01
0006E576,Luminaria,5C-CF-7F-06-E5-76,L536,-29.67515021,-51.08737583,Grupo 1,0,HDA-01
0006E700,Luminaria,5C-CF-7F-06-E7-00,L537,-29.68498248,-51.07829445,Grupo 1,0,HDA-01
0006E633,Luminaria,5C-CF-7F-06-E6-33,L538,-29.67159529,-51.11583219,Grupo 1,0,HDA-01
000AF606,Luminaria,5C-CF-7F-0A-F6-06,L539,-29.6717636,-51.09218923,Grupo 1,0,HDA-01
0006E690,Luminaria,5C-CF-7F-06-E6-90,L540,-29.6662348,-51.11639177,Grupo 1,0,HDA-01
000AF58B,Luminaria,5C-CF-7F-0A-F5-8B,L541,-29.68021109,-51.1160914,Grupo 1,0,HDA-01
0006E5EE,Luminaria,5C-CF-7F-06-E5-EE,L542,-29.67789609,-51.11573188,Grupo 1,0,HDA-01
0006E455,Luminaria,5C-CF-7F-06-E4-55,L543,-29.6815848,-51.12158247,Grupo 1,0,HDA-01
0006E556,Luminaria,5C-CF-7F-06-E5-56,L544,-29.68820251,-51.08181331,Grupo 1,0,HDA-01
0006E663,Luminaria,5C-CF-7F-06-E6-63,L545,-29.67464829,-51.13033717,Grupo 1,0,HDA-01
0006E623,Luminaria,5C-CF-7F-06-E6-23,L546,-29.68094286,-51.08519006,Grupo 1,0,HDA-01
000AF5B3,Luminaria,5C-CF-7F-0A-F5-B3,L547,-29.68050757,-51.09078109,Grupo 1,0,HDA-01
0006E57E,Luminaria,5C-CF-7F-06-E5-7E,L548,-29.67385785,-51.11220831,Grupo 1,0,HDA-01
0006E62C,Luminaria,5C-CF-7F-06-E6-2C,L549,-29.6836204,-51.15254333,Grupo 1,0,HDA-01
0006E567,Luminaria,5C-CF-7F-06-E5-67,L550,-29.68423589,-51.12439793,Grupo 1,0,HDA-01
0006E4B4,Luminaria,5C-CF-7F-06-E4-B4,L551,-29.67849542,-51.13256351,Grupo 1,0,HDA-01
000AF4B4,Luminaria,5C-CF-7F-0A-F4-B4,L552,-29.68209778,-51.12647558,Grupo 1,0,HDA-01
0006E688,Luminaria,5C-CF-7F-06-E6-88,L553,-29.67226654,-51.11390873,Grupo 1,0,HDA-01
009E7FC8,Luminaria,18-FE-34-9E-7F-C8,L039,-29.66802314,-51.10021101,Grupo 1,0,HDA-01
0006E641,Luminaria,5C-CF-7F-06-E6-41,L040,-29.67607656,-51.09642086,Grupo 1,0,HDA-01
0006E694,Luminaria,5C-CF-7F-06-E6-94,L041,-29.67993393,-51.09026343,Grupo 1,0,HDA-01
0006E5A1,Luminaria,5C-CF-7F-06-E5-A1,L042,-29.66617665,-51.14378556,Grupo 1,0,HDA-01
000AF5FD,Luminaria,5C-CF-7F-0A-F5-FD,L043,-29.69010143,-51.10659614,Grupo 1,0,HDA-01
000AF6BE,Luminaria,5C-CF-7F-0A-F6-BE,L048,-29.66977241,-51.1035745,Grupo 1,0,HDA-01
0006E6AE,Luminaria,5C-CF-7F-06-E6-AE,L050,-29.67764567,-51.10056862,Grupo 1,0,HDA-01
000AF4E8,Luminaria,5C-CF-7F-0A-F4-E8,L067,-29.67403776,-51.15172305,Grupo 1,0,HDA-01
0006E3CC,Luminaria,5C-CF-7F-06-E3-CC,L075,-29.69292692,-51.12024723,Grupo 1,0,HDA-01
000AF6AD,Luminaria,5C-CF-7F-0A-F6-AD,L085,-29.67065706,-51.10268601,Grupo 1,0,HDA-01
009E7DFA,Luminaria,18-FE-34-9E-7D-FA,L044,-29.6740228,-51.08876634,Grupo 1,0,HDA-01
0006E538,Luminaria,5C-CF-7F-06-E5-38,L057,-29.66649258,-51.09681308,Grupo 1,0,HDA-01
000AF631,Luminaria,5C-CF-7F-0A-F6-31,L094,-29.68136741,-51.13407467,Grupo 1,0,HDA-01
0006E782,Luminaria,5C-CF-7F-06-E7-82,L049,-29.68361528,-51.14798002,Grupo 1,0,HDA-01
0006E732,Luminaria,5C-CF-7F-06-E7-32,L065,-29.66567852,-51.13593294,Grupo 1,0,HDA-01
000AF569,Luminaria,5C-CF-7F-0A-F5-69,L134,-29.68321412,-51.10459109,Grupo 1,0,HDA-01
000AF4B0,Luminaria,5C-CF-7F-0A-F4-B0,L046,-29.68626798,-51.13044614,Grupo 1,0,HDA-01
0006E5D2,Luminaria,5C-CF-7F-06-E5-D2,L051,-29.68808276,-51.07770445,Grupo 1,0,HDA-01
0006E418,Luminaria,5C-CF-7F-06-E4-18,L055,-29.68069111,-51.14701851,Grupo 1,0,HDA-01
000AF6AC,Luminaria,5C-CF-7F-0A-F6-AC,L047,-29.6737944,-51.14885666,Grupo 1,0,HDA-01
0006E555,Luminaria,5C-CF-7F-06-E5-55,L052,-29.67461045,-51.10552937,Grupo 1,0,HDA-01
000AF4AE,Luminaria,5C-CF-7F-0A-F4-AE,L060,-29.67386619,-51.12352796,Grupo 1,0,HDA-01
000AF4BA,Luminaria,5C-CF-7F-0A-F4-BA,L077,-29.68131016,-51.14113824,Grupo 1,0,HDA-01
000AF51A,Luminaria,5C-CF-7F-0A-F5-1A,L109,-29.67667293,-51.13350686,Grupo 1,0,HDA-01
009E8246,Luminaria,18-FE-34-9E-82-46,L045,-29.69233974,-51.11927302,Grupo 1,0,HDA-01
000AF444,Luminaria,5C-CF-7F-0A-F4-44,L054,-29.68946663,-51.08660231,Grupo 1,0,HDA-01
000AF4E1,Luminaria,5C-CF-7F-0A-F4-E1,L062,-29.69071457,-51.1370003,Grupo 1,0,HDA-01
000AF423,Luminaria,5C-CF-7F-0A-F4-23,L070,-29.68954294,-51.10728647,Grupo 1,0,HDA-01
0006E736,Luminaria,5C-CF-7F-06-E7-36,L072,-29.6775845,-51.14214061,Grupo 1,0,HDA-01
0006E5F4,Luminaria,5C-CF-7F-06-E5-F4,L119,-29.68654139,-51.13953099,Grupo 1,0,HDA-01
0006E63A,Luminaria,5C-CF-7F-06-E6-3A,L084,-29.6801855,-51.10349394,Grupo 1,0,HDA-01
0006E5DD,Luminaria,5C-CF-7F-06-E5-DD,L100,-29.68547532,-51.08135097,Grupo 1,0,HDA-01
000AF6A3,Luminaria,5C-CF-7F-0A-F6-A3,L110,-29.6676806,-51.11040137,Grupo 1,0,HDA-01
0006E4F8,Luminaria,5C-CF-7F-06-E4-F8,L135,-29.67119394,-51.13525677,Grupo 1,0,HDA-01
000AF607,Luminaria,5C-CF-7F-0A-F6-07,L125,-29.68751463,-51.13363168,Grupo 1,0,HDA-01
0006E67B,Luminaria,5C-CF-7F-06-E6-7B,L101,-29.69534895,-51.12310617,Grupo 1,0,HDA-01
000AF570,Luminaria,5C-CF-7F-0A-F5-70,L091,-29.66789944,-51.07723203,Grupo 1,0,HDA-01
000AF454,Luminaria,5C-CF-7F-0A-F4-54,L126,-29.6956286,-51.09440078,Grupo 1,0,HDA-01
0006E5EF,Luminaria,5C-CF-7F-06-E5-EF,L116,-29.69192131,-51.14157783,Grupo 1,0,HDA-01
0006E5CC,Luminaria,5C-CF-7F-06-E5-CC,L092,-29.68707222,-51.11780787,Grupo 1,0,HDA-01
0006E545,Luminaria,5C-CF-7F-06-E5-45,L750,-29.68900059,-51.07719015,Grupo 8,0,HDA-01
0006E3FE,Luminaria,5C-CF-7F-06-E3-FE,L751,-29.67039551,-51.10097694,Grupo 1,0,HDA-01
0006E46A,Luminaria,5C-CF-7F-06-E4-6A,L749,-29.6948884,-51.12767375,Grupo 1,0,HDA-01
0006E75F,Luminaria,5C-CF-7F-06-E7-5F,L752,-29.67353277,-51.12697855,Grupo 1,0,HDA-01
000AF495,Luminaria,5C-CF-7F-0A-F4-95,L753,-29.66826515,-51.15570518,Grupo 1,0,HDA-01
0006E40A,Luminaria,5C-CF-7F-06-E4-0A,L754,-29.67282001,-51.11680751,Grupo 1,0,HDA-01
0006E71D,Luminaria,5C-CF-7F-06-E7-1D,L755,-29.6808951,-51.13667133,Grupo 1,0,HDA-01
0006E684,Luminaria,5C-CF-7F-06-E6-84,L001,-29.67439226,-51.0963999,Grupo 1,0,HDA-01
0006E779,Luminaria,5C-CF-7F-06-E7-79,L002,-29.66724504,-51.08860587,Grupo 1,0,HDA-01
0006E637,Luminaria,5C-CF-7F-06-E6-37,L003,-29.67025388,-51.11157999,Grupo 1,0,HDA-01
0006E621,Luminaria,5C-CF-7F-06-E6-21,L004,-29.67707946,-51.12040226,Grupo 1,0,HDA-01
0006E41D,Luminaria,5C-CF-7F-06-E4-1D,L005,-29.66923344,-51.14489751,Grupo 1,0,HDA-01
009E800C,Luminaria,18-FE-34-9E-80-0C,L006,-29.68262008,-51.08869512,Grupo 1,0,HDA-01
009E8149,Luminaria,18-FE-34-9E-81-49,L007,-29.68233692,-51.08815803,Grupo 1,0,HDA-01
009E8067,Luminaria,18-FE-34-9E-80-67,L008,-29.6708788,-51.13694055,Grupo 2,0,HDA-01
009E7F44,Luminaria,18-FE-34-9E-7F-44,L009,-29.68151193,-51.11133244,Grupo 1,0,HDA-01
0006E37E,Luminaria,5C-CF-7F-06-E3-7E,L010,-29.69089874,-51.12881569,Grupo 1,0,HDA-01
009E7FA3,Luminaria,18-FE-34-9E-7F-A3,L011,-29.66749608,-51.08401492,Grupo 1,0,HDA-01
009E80C8,Luminaria,18-FE-34-9E-80-C8,L012,-29.6925609,-51.11423632,Grupo 10,0,HDA-01
0006E695,Luminaria,5C-CF-7F-06-E6-95,L013,-29.69135514,-51.08290738,Grupo 1,0,HDA-01
009E80EB,Luminaria,18-FE-34-9E-80-EB,L014,-29.67170778,-51.0819728,Grupo 1,0,HDA-01
009E803D,Luminaria,18-FE-34-9E-80-3D,L015,-29.68196037,-51.07639696,Grupo 1,0,HDA-01
009E8245,Luminaria,18-FE-34-9E-82-45,L020,-29.68107322,-51.11026643,Grupo 1,0,HDA-01
009E7FFF,Luminaria,18-FE-34-9E-7F-FF,L025,-29.68976692,-51.09969185,Grupo 1,0,HDA-01
0006E5E7,Luminaria,5C-CF-7F-06-E5-E7,L644,-29.68556404,-51.12441258,Grupo 1,0,HDA-01
000AF560,Luminaria,5C-CF-7F-0A-F5-60,L647,-29.66728554,-51.07974265,Grupo 1,0,HDA-01
000AF67F,Luminaria,5C-CF-7F-0A-F6-7F,L649,-29.68596068,-51.13192118,Grupo 1,0,HDA-01
0006E4BF,Luminaria,5C-CF-7F-06-E4-BF,L652,-29.68617313,-51.12363044,Grupo 1,0,HDA-01
000AF686,Luminaria,5C-CF-7F-0A-F6-86,L654,-29.6738549,-51.12742311,Grupo 1,0,HDA-01
0006E40F,Luminaria,5C-CF-7F-06-E4-0F,L657,-29.67719465,-51.14380762,Grupo 1,0,HDA-01
0006E539,Luminaria,5C-CF-7F-06-E5-39,L659,-29.68330445,-51.13176676,Grupo 1,0,HDA-01
0006E427,Luminaria,5C-CF-7F-06-E4-27,L662,-29.66827861,-51.15522104,Grupo 1,0,HDA-01
000AF5B8,Luminaria,5C-CF-7F-0A-F5-B8,L664,-29.67832473,-51.14374324,Grupo 1,0,HDA-01
000AF531,Luminaria,5C-CF-7F-0A-F5-31,L667,-29.69104561,-51.15536207,Grupo 1,0,HDA-01
0006E3DB,Luminaria,5C-CF-7F-06-E3-DB,L672,-29.68181867,-51.09404812,Grupo 1,0,HDA-01
000AF617,Luminaria,5C-CF-7F-0A-F6-17,L677,-29.69242166,-51.15572902,Grupo 1,0,HDA-01
0006E49E,Luminaria,5C-CF-7F-06-E4-9E,L651,-29.67800757,-51.15185909,Grupo 1,0,HDA-01
000AF4A9,Luminaria,5C-CF-7F-0A-F4-A9,L650,-29.67394432,-51.14329649,Grupo 1,0,HDA-01
000AF61E,Luminaria,5C-CF-7F-0A-F6-1E,L655,-29.68552436,-51.09760726,Grupo 1,0,HDA-01
0006E4C6,Luminaria,5C-CF-7F-06-E4-C6,L661,-29.68126483,-51.15365377,Grupo 1,0,HDA-01
0006E381,Luminaria,5C-CF-7F-06-E3-81,L660,-29.66689621,-51.11374865,Grupo 1,0,HDA-01
0006E3A7,Luminaria,5C-CF-7F-06-E3-A7,L666,-29.69510991,-51.15460775,Grupo 1,0,HDA-01
0006E653,Luminaria,5C-CF-7F-06-E6-53,L674,-29.68238155,-51.13057233,Grupo 1,0,HDA-01
0006E682,Luminaria,5C-CF-7F-06-E6-82,L670,-29.67992006,-51.07855462,Grupo 1,0,HDA-01
0006E711,Luminaria,5C-CF-7F-06-E7-11,L656,-29.69468387,-51.13931402,Grupo 1,0,HDA-01
0006E4B3,Luminaria,5C-CF-7F-06-E4-B3,L665,-29.68932671,-51.11844587,Grupo 1,0,HDA-01
0006E6E5,Luminaria,5C-CF-7F-06-E6-E5,L679,-29.68233516,-51.07700398,Grupo 1,0,HDA-01
0006E55C,Luminaria,5C-CF-7F-06-E5-5C,L675,-29.68553683,-51.11610861,Grupo 1,0,HDA-01
000AF566,Luminaria,5C-CF-7F-0A-F5-66,L648,-29.67484664,-51.11892758,Grupo 1,0,HDA-01
000AF486,Luminaria,5C-CF-7F-0A-F4-86,L653,-29.68658068,-51.08274219,Grupo 1,0,HDA-01
0006E76E,Luminaria,5C-CF-7F-06-E7-6E,L658,-29.67754188,-51.11376022,Grupo 1,0,HDA-01
0006E49A,Luminaria,5C-CF-7F-06-E4-9A,L663,-29.68209637,-51.13584287,Grupo 1,0,HDA-01
000AF46B,Luminaria,5C-CF-7F-0A-F4-6B,L668,-29.69372071,-51.14845014,Grupo 1,0,HDA-01
0006E500,Luminaria,5C-CF-7F-06-E5-00,L673,-29.67412505,-51.14403383,Grupo 1,0,HDA-01
0006E415,Luminaria,5C-CF-7F-06-E4-15,L678,-29.68156645,-51.15188843,Grupo 1,0,HDA-01
000AF670,Luminaria,5C-CF-7F-0A-F6-70,L671,-29.68489255,-51.14828601,Grupo 1,0,HDA-01
000AF453,Luminaria,5C-CF-7F-0A-F4-53,L676,-29.68721454,-51.13521917,Grupo 1,0,HDA-01
0006E389,Luminaria,5C-CF-7F-06-E3-89,L680,-29.69263568,-51.1527741,Grupo 1,0,HDA-01
000AF4C8,Luminaria,5C-CF-7F-0A-F4-C8,L681,-29.68050866,-51.15518422,Grupo 1,0,HDA-01
0006E4F9,Luminaria,5C-CF-7F-06-E4-F9,L686,-29.69011718,-51.13058393,Grupo 1,0,HDA-01
0006E41E,Luminaria,5C-CF-7F-06-E4-1E,L690,-29.68368797,-51.1529776,Grupo 1,0,HDA-01
000AF5B7,Luminaria,5C-CF-7F-0A-F5-B7,L701,-29.694522,-51.12832222,Grupo 1,0,HDA-01
0006E4DF,Luminaria,5C-CF-7F-06-E4-DF,L710,-29.67609803,-51.14767798,Grupo 1,0,HDA-01
0006E730,Luminaria,5C-CF-7F-06-E7-30,L719,-29.68464963,-51.14525999,Grupo 1,0,HDA-01
0006E614,Luminaria,5C-CF-7F-06-E6-14,L729,-29.69153777,-51.11118306,Grupo 1,0,HDA-01
000AF4AB,Luminaria,5C-CF-7F-0A-F4-AB,L682,-29.68234786,-51.15663571,Grupo 1,0,HDA-01
000AF4DD,Luminaria,5C-CF-7F-0A-F4-DD,L687,-29.66610793,-51.09517061,Grupo 1,0,HDA-01
000AF55F,Luminaria,5C-CF-7F-0A-F5-5F,L692,-29.69491933,-51.08168955,Grupo 1,0,HDA-01
000AF6BD,Luminaria,5C-CF-7F-0A-F6-BD,L702,-29.67625048,-51.11818245,Grupo 1,0,HDA-01
0006E563,Luminaria,5C-CF-7F-06-E5-63,L728,-29.68201276,-51.09727187,Grupo 1,0,HDA-01
000AF6B5,Luminaria,5C-CF-7F-0A-F6-B5,L715,-29.69317813,-51.106284,Grupo 1,0,HDA-01
0006E5AA,Luminaria,5C-CF-7F-06-E5-AA,L694,-29.69367808,-51.11087222,Grupo 1,0,HDA-01
0006E391,Luminaria,5C-CF-7F-06-E3-91,L683,-29.68840481,-51.08734064,Grupo 1,0,HDA-01
0006E4B8,Luminaria,5C-CF-7F-06-E4-B8,L688,-29.68588943,-51.10553889,Grupo 1,0,HDA-01
0006E423,Luminaria,5C-CF-7F-06-E4-23,L693,-29.67767111,-51.0932685,Grupo 1,0,HDA-01
0006E4CE,Luminaria,5C-CF-7F-06-E4-CE,L706,-29.67291288,-51.10810067,Grupo 1,0,HDA-01
000AF58D,Luminaria,5C-CF-7F-0A-F5-8D,L713,-29.69147193,-51.11951748,Grupo 1,0,HDA-01
000AF541,Luminaria,5C-CF-7F-0A-F5-41,L709,-29.684492,-51.10188034,Grupo 1,0,HDA-01
000AF5F3,Luminaria,5C-CF-7F-0A-F5-F3,L699,-29.68135072,-51.14186188,Grupo 1,0,HDA-01
000AF5A7,Luminaria,5C-CF-7F-0A-F5-A7,L684,-29.67560341,-51.14756511,Grupo 1,0,HDA-01
000AF46C,Luminaria,5C-CF-7F-0A-F4-6C,L689,-29.67601347,-51.14652728,Grupo 1,0,HDA-01
000AF6AE,Luminaria,5C-CF-7F-0A-F6-AE,L696,-29.67393924,-51.13271853,Grupo 1,0,HDA-01
000AF525,Luminaria,5C-CF-7F-0A-F5-25,L722,-29.68280966,-51.10524593,Grupo 1,0,HDA-01
0006E3AC,Luminaria,5C-CF-7F-06-E3-AC,L708,-29.69172702,-51.11184857,Grupo 1,0,HDA-01
0006E446,Luminaria,5C-CF-7F-06-E4-46,L703,-29.67196543,-51.1490705,Grupo 1,0,HDA-01
0006E630,Luminaria,5C-CF-7F-06-E6-30,L704,-29.67594642,-51.10715846,Grupo 1,0,HDA-01
0006E4C7,Luminaria,5C-CF-7F-06-E4-C7,L685,-29.67656972,-51.12386458,Grupo 1,0,HDA-01
0006E4A9,Luminaria,5C-CF-7F-06-E4-A9,L691,-29.68698224,-51.09005458,Grupo 1,0,HDA-01
0006E6A4,Luminaria,5C-CF-7F-06-E6-A4,L697,-29.66758435,-51.1077377,Grupo 1,0,HDA-01
000AF61D,Luminaria,5C-CF-7F-0A-F6-1D,L712,-29.68148105,-51.0882047,Grupo 1,0,HDA-01
000AF53D,Luminaria,5C-CF-7F-0A-F5-3D,L698,-29.66947546,-51.08608247,Grupo 1,0,HDA-01
000AF42B,Luminaria,5C-CF-7F-0A-F4-2B,L723,-29.68880328,-51.07732457,Grupo 1,0,HDA-01
000AF6C7,Luminaria,5C-CF-7F-0A-F6-C7,L711,-29.69589356,-51.10103587,Grupo 1,0,HDA-01
0006E3E1,Luminaria,5C-CF-7F-06-E3-E1,L714,-29.68062137,-51.1338112,Grupo 1,0,HDA-01
000AF6BC,Luminaria,5C-CF-7F-0A-F6-BC,L717,-29.67722177,-51.08476133,Grupo 1,0,HDA-01
000AF442,Luminaria,5C-CF-7F-0A-F4-42,L724,-29.6669089,-51.151299,Grupo 1,0,HDA-01
000AF694,Luminaria,5C-CF-7F-0A-F6-94,L695,-29.67623393,-51.12135942,Grupo 1,0,HDA-01
000AF45B,Luminaria,5C-CF-7F-0A-F4-5B,L718,-29.6745258,-51.08408931,Grupo 1,0,HDA-01
0006E6C1,Luminaria,5C-CF-7F-06-E6-C1,L705,-29.66636803,-51.11703751,Grupo 1,0,HDA-01
0006E472,Luminaria,5C-CF-7F-06-E4-72,L721,-29.67716074,-51.13021274,Grupo 1,0,HDA-01
0006E4D0,Luminaria,5C-CF-7F-06-E4-D0,L730,-29.68791901,-51.09387699,Grupo 1,0,HDA-01
0006E56C,Luminaria,5C-CF-7F-06-E5-6C,L707,-29.67006151,-51.1005864,Grupo 1,0,HDA-01
0006E4F1,Luminaria,5C-CF-7F-06-E4-F1,L731,-29.67310988,-51.07864914,Grupo 1,0,HDA-01
0006E335,Luminaria,5C-CF-7F-06-E3-35,L716,-29.66561519,-51.10454661,Grupo 1,0,HDA-01
0006E32A,Luminaria,5C-CF-7F-06-E3-2A,L700,-29.6782854,-51.10802668,Grupo 1,0,HDA-01
0006E4D5,Luminaria,5C-CF-7F-06-E4-D5,L726,-29.67272244,-51.1311876,Grupo 1,0,HDA-01
0006E5AE,Luminaria,5C-CF-7F-06-E5-AE,L720,-29.67981263,-51.10326783,Grupo 1,0,HDA-01
000AF48C,Luminaria,5C-CF-7F-0A-F4-8C,L727,-29.68981981,-51.11615437,Grupo 1,0,HDA-01
000AF5C5,Luminaria,5C-CF-7F-0A-F5-C5,L733,-29.66664805,-51.10091542,Grupo 1,0,HDA-01
000AF5D1,Luminaria,5C-CF-7F-0A-F5-D1,L734,-29.68830176,-51.14896075,Grupo 1,0,HDA-01
0006E76C,Luminaria,5C-CF-7F-06-E7-6C,L735,-29.69078684,-51.11394557,Grupo 1,0,HDA-01
0006E38F,Luminaria,5C-CF-7F-06-E3-8F,L739,-29.67024681,-51.11477723,Grupo 1,0,HDA-01
0006E708,Luminaria,5C-CF-7F-06-E7-08,L725,-29.69139311,-51.13968619,Grupo 1,0,HDA-01
0006E46C,Luminaria,5C-CF-7F-06-E4-6C,L737,-29.69081978,-51.14870678,Grupo 1,0,HDA-01
000AF621,Luminaria,5C-CF-7F-0A-F6-21,L740,-29.69128282,-51.11278011,Grupo 1,0,HDA-01
000AF57D,Luminaria,5C-CF-7F-0A-F5-7D,L742,-29.682396,-51.08976648,Grupo 1,0,HDA-01
0006E3E9,Luminaria,5C-CF-7F-06-E3-E9,L738,-29.69077372,-51.1385822,Grupo 7,0,HDA-01
0006E751,Luminaria,5C-CF-7F-06-E7-51,L743,-29.67992529,-51.15277252,Grupo 1,0,HDA-01
0006E45E,Luminaria,5C-CF-7F-06-E4-5E,L745,-29.69098004,-51.14119538,Grupo 1,0,HDA-01
0006E75B,Luminaria,5C-CF-7F-06-E7-5B,L744,-29.66864225,-51.11236303,Grupo 1,0,HDA-01
000AF43C,Luminaria,5C-CF-7F-0A-F4-3C,L747,-29.66767353,-51.09527158,Grupo 1,0,HDA-01
000AF66D,Luminaria,5C-CF-7F-0A-F6-6D,L748,-29.68660272,-51.15369899,Grupo 1,0,HDA-01
000AF521,Luminaria,5C-CF-7F-0A-F5-21,L736,-29.69587423,-51.15235112,Grupo 1,0,HDA-01
0006E429,Luminaria,5C-CF-7F-06-E4-29,L741,-29.67110118,-51.13633062,Grupo 1,0,HDA-01
0006E55E,Luminaria,5C-CF-7F-06-E5-5E,L076,-29.68685376,-51.1470624,Grupo 1,0,HDA-01
000AF69D,Luminaria,5C-CF-7F-0A-F6-9D,L068,-29.68996918,-51.15806322,Grupo 1,0,HDA-01
0006E5A6,Luminaria,5C-CF-7F-06-E5-A6,L089,-29.67636978,-51.08677475,Grupo 1,0,HDA-01
0006E655,Luminaria,5C-CF-7F-06-E6-55,L073,-29.6848675,-51.15757137,Grupo 1,0,HDA-01
0006E543,Luminaria,5C-CF-7F-06-E5-43,L114,-29.69410699,-51.13918925,Grupo 1,0,HDA-01
0006E499,Luminaria,5C-CF-7F-06-E4-99,L080,-29.66808239,-51.11660333,Grupo 1,0,HDA-01
0006E613,Luminaria,5C-CF-7F-06-E6-13,L124,-29.68464841,-51.08569225,Grupo 1,0,HDA-01
0006E5C9,Luminaria,5C-CF-7F-06-E5-C9,L096,-29.66698862,-51.09465516,Grupo 1,0,HDA-01
0006E5BC,Luminaria,5C-CF-7F-06-E5-BC,L099,-29.69469399,-51.11824684,Grupo 1,0,HDA-01
0006E457,Luminaria,5C-CF-7F-06-E4-57,L105,-29.66957152,-51.15783333,Grupo 1,0,HDA-01
000AF54A,Luminaria,5C-CF-7F-0A-F5-4A,L115,-29.66701309,-51.12925835,Grupo 1,0,HDA-01
0006E468,Luminaria,5C-CF-7F-06-E4-68,L078,-29.68386957,-51.11572451,Grupo 1,0,HDA-01
0006E373,Luminaria,5C-CF-7F-06-E3-73,L121,-29.69257384,-51.10536613,Grupo 1,0,HDA-01
0006E43F,Luminaria,5C-CF-7F-06-E4-3F,L130,-29.69591451,-51.14142646,Grupo 1,0,HDA-01
000AF51B,Luminaria,5C-CF-7F-0A-F5-1B,L081,-29.68756904,-51.14733687,Grupo 1,0,HDA-01
0006E622,Luminaria,5C-CF-7F-06-E6-22,L087,-29.6847479,-51.14112908,Grupo 1,0,HDA-01
0006E516,Luminaria,5C-CF-7F-06-E5-16,L106,-29.68785256,-51.12906988,Grupo 1,0,HDA-01
000AF457,Luminaria,5C-CF-7F-0A-F4-57,L112,-29.66812175,-51.15288646,Grupo 1,0,HDA-01
0006E435,Luminaria,5C-CF-7F-06-E4-35,L131,-29.67209706,-51.13069009,Grupo 1,0,HDA-01
0006E676,Luminaria,5C-CF-7F-06-E6-76,L098,-29.67362244,-51.1342004,Grupo 1,0,HDA-01
0006E70E,Luminaria,5C-CF-7F-06-E7-0E,L097,-29.67009876,-51.12887763,Grupo 1,0,HDA-01
0006E593,Luminaria,5C-CF-7F-06-E5-93,L155,-29.68405026,-51.1336506,Grupo 1,0,HDA-01
000AF496,Luminaria,5C-CF-7F-0A-F4-96,L122,-29.67517186,-51.08860543,Grupo 1,0,HDA-01
0006E59E,Luminaria,5C-CF-7F-06-E5-9E,L140,-29.67212797,-51.08923309,Grupo 1,0,HDA-01
0006E73E,Luminaria,5C-CF-7F-06-E7-3E,L137,-29.6886883,-51.14331292,Grupo 1,0,HDA-01
000AF4C7,Luminaria,5C-CF-7F-0A-F4-C7,L151,-29.67754487,-51.10670357,Grupo 1,0,HDA-01
0006E439,Luminaria,5C-CF-7F-06-E4-39,L180,-29.68306758,-51.0935847,Grupo 1,0,HDA-01
0006E3E0,Luminaria,5C-CF-7F-06-E3-E0,L190,-29.69395285,-51.09793929,Grupo 1,0,HDA-01
000AF61B,Luminaria,5C-CF-7F-0A-F6-1B,L128,-29.66970533,-51.11269817,Grupo 1,0,HDA-01
0006E604,Luminaria,5C-CF-7F-06-E6-04,L205,-29.69208602,-51.10855913,Grupo 1,0,HDA-01
000AF4F7,Luminaria,5C-CF-7F-0A-F4-F7,L215,-29.69079922,-51.13771478,Grupo 1,0,HDA-01
0006E46B,Luminaria,5C-CF-7F-06-E4-6B,L201,-29.6850178,-51.15127771,Grupo 1,0,HDA-01
0006E4EC,Luminaria,5C-CF-7F-06-E4-EC,L165,-29.69120725,-51.11708011,Grupo 1,0,HDA-01
0006E6C0,Luminaria,5C-CF-7F-06-E6-C0,L176,-29.67247473,-51.13124465,Grupo 1,0,HDA-01
0006E4E7,Luminaria,5C-CF-7F-06-E4-E7,L161,-29.67551907,-51.15340916,Grupo 1,0,HDA-01
0006E413,Luminaria,5C-CF-7F-06-E4-13,L226,-29.68069258,-51.13197117,Grupo 1,0,HDA-01
000AF435,Luminaria,5C-CF-7F-0A-F4-35,L186,-29.67259011,-51.08320413,Grupo 1,0,HDA-01
0006E50E,Luminaria,5C-CF-7F-06-E5-0E,L211,-29.69467452,-51.15892139,Grupo 1,0,HDA-01
000AF4C5,Luminaria,5C-CF-7F-0A-F4-C5,L172,-29.68514041,-51.12449535,Grupo 1,0,HDA-01
000AF629,Luminaria,5C-CF-7F-0A-F6-29,L108,-29.68129071,-51.12016185,Grupo 1,0,HDA-01
000AF6A7,Luminaria,5C-CF-7F-0A-F6-A7,L182,-29.69305405,-51.12756692,Grupo 1,0,HDA-01
0006E36F,Luminaria,5C-CF-7F-06-E3-6F,L138,-29.68293142,-51.12093638,Grupo 1,0,HDA-01
000AF59A,Luminaria,5C-CF-7F-0A-F5-9A,L197,-29.68970358,-51.12829304,Grupo 1,0,HDA-01
0006E57B,Luminaria,5C-CF-7F-06-E5-7B,L157,-29.67054021,-51.08758048,Grupo 1,0,HDA-01
000AF6B0,Luminaria,5C-CF-7F-0A-F6-B0,L222,-29.67016167,-51.14363267,Grupo 1,0,HDA-01
000AF4E5,Luminaria,5C-CF-7F-0A-F4-E5,L207,-29.6702882,-51.14278095,Grupo 1,0,HDA-01
0006E4C5,Luminaria,5C-CF-7F-06-E4-C5,L163,-29.66783464,-51.12552022,Grupo 1,0,HDA-01
000AF65E,Luminaria,5C-CF-7F-0A-F6-5E,L088,-29.68026643,-51.08976306,Grupo 1,0,HDA-01
0006E674,Luminaria,5C-CF-7F-06-E6-74,L188,-29.67304021,-51.13815558,Grupo 1,0,HDA-01
0006E56D,Luminaria,5C-CF-7F-06-E5-6D,L153,-29.69438167,-51.12760631,Grupo 1,0,HDA-01
000AF45C,Luminaria,5C-CF-7F-0A-F4-5C,L213,-29.6837583,-51.13223258,Grupo 1,0,HDA-01
000AF59E,Luminaria,5C-CF-7F-0A-F5-9E,L178,-29.68387913,-51.09049498,Grupo 1,0,HDA-01
000AF575,Luminaria,5C-CF-7F-0A-F5-75,L118,-29.69474886,-51.09203623,Grupo 1,0,HDA-01
0006E6D4,Luminaria,5C-CF-7F-06-E6-D4,L203,-29.68641391,-51.11089939,Grupo 1,0,HDA-01
0006E4C3,Luminaria,5C-CF-7F-06-E4-C3,L228,-29.66883067,-51.15528748,Grupo 1,0,HDA-01
0006E36A,Luminaria,5C-CF-7F-06-E3-6A,L184,-29.69396376,-51.14812508,Grupo 1,0,HDA-01
0006E5C0,Luminaria,5C-CF-7F-06-E5-C0,L174,-29.67014387,-51.11322907,Grupo 1,0,HDA-01
000AF6A9,Luminaria,5C-CF-7F-0A-F6-A9,L159,-29.67823905,-51.13247836,Grupo 1,0,HDA-01
000AF565,Luminaria,5C-CF-7F-0A-F5-65,L233,-29.672022,-51.1151323,Grupo 1,0,HDA-01
0006E39E,Luminaria,5C-CF-7F-06-E3-9E,L199,-29.68611228,-51.11750365,Grupo 1,0,HDA-01
000AF598,Luminaria,5C-CF-7F-0A-F5-98,L235,-29.69514146,-51.13609619,Grupo 1,0,HDA-01
000AF519,Luminaria,5C-CF-7F-0A-F5-19,L224,-29.66877766,-51.1296016,Grupo 1,0,HDA-01
0006E3D3,Luminaria,5C-CF-7F-06-E3-D3,L240,-29.67528666,-51.08612158,Grupo 1,0,HDA-01
000AF666,Luminaria,5C-CF-7F-0A-F6-66,L234,-29.68842645,-51.1326828,Grupo 1,0,HDA-01
0006E709,Luminaria,5C-CF-7F-06-E7-09,L245,-29.67624937,-51.1281828,Grupo 1,0,HDA-01
0006E6A9,Luminaria,5C-CF-7F-06-E6-A9,L237,-29.69400827,-51.11209555,Grupo 1,0,HDA-01
0006E4BA,Luminaria,5C-CF-7F-06-E4-BA,L250,-29.67894649,-51.09173769,Grupo 1,0,HDA-01
000AF587,Luminaria,5C-CF-7F-0A-F5-87,L243,-29.68155946,-51.10265626,Grupo 1,0,HDA-01
0006E39D,Luminaria,5C-CF-7F-06-E3-9D,L143,-29.68753777,-51.08446122,Grupo 1,0,HDA-01
0006E5E2,Luminaria,5C-CF-7F-06-E5-E2,L246,-29.6768729,-51.09404978,Grupo 1,0,HDA-01
000AF63F,Luminaria,5C-CF-7F-0A-F6-3F,L168,-29.67177435,-51.12213435,Grupo 1,0,HDA-01
000AF469,Luminaria,5C-CF-7F-0A-F4-69,L253,-29.69228105,-51.15742655,Grupo 1,0,HDA-01
0006E3A4,Luminaria,5C-CF-7F-06-E3-A4,L193,-29.68243708,-51.13715285,Grupo 1,0,HDA-01
0006E5BB,Luminaria,5C-CF-7F-06-E5-BB,L258,-29.69351337,-51.0797287,Grupo 1,0,HDA-01
000AF69B,Luminaria,5C-CF-7F-0A-F6-9B,L255,-29.67899397,-51.09475283,Grupo 1,0,HDA-01
0006E49D,Luminaria,5C-CF-7F-06-E4-9D,L263,-29.67452212,-51.09003062,Grupo 1,0,HDA-01
0006E4FB,Luminaria,5C-CF-7F-06-E4-FB,L268,-29.67395891,-51.09469723,Grupo 1,0,HDA-01
0006E3AE,Luminaria,5C-CF-7F-06-E3-AE,L218,-29.66741694,-51.0812227,Grupo 1,0,HDA-01
000AF58F,Luminaria,5C-CF-7F-0A-F5-8F,L139,-29.6721343,-51.15371686,Grupo 1,0,HDA-01
000AF491,Luminaria,5C-CF-7F-0A-F4-91,L265,-29.66975438,-51.10914611,Grupo 1,0,HDA-01
0006E6E6,Luminaria,5C-CF-7F-06-E6-E6,L278,-29.67806666,-51.14159877,Grupo 1,0,HDA-01
0006E41A,Luminaria,5C-CF-7F-06-E4-1A,L283,-29.67624745,-51.11495826,Grupo 1,0,HDA-01
000AF4D8,Luminaria,5C-CF-7F-0A-F4-D8,L260,-29.67259732,-51.09137766,Grupo 1,0,HDA-01
000AF4C0,Luminaria,5C-CF-7F-0A-F4-C0,L273,-29.68108882,-51.14057748,Grupo 1,0,HDA-01
0006E52F,Luminaria,5C-CF-7F-06-E5-2F,L288,-29.69472166,-51.14814553,Grupo 1,0,HDA-01
000AF619,Luminaria,5C-CF-7F-0A-F6-19,L164,-29.66886102,-51.15503616,Grupo 1,0,HDA-01
0006E476,Luminaria,5C-CF-7F-06-E4-76,L059,-29.67176429,-51.14642432,Grupo 1,0,HDA-01
0006E4BB,Luminaria,5C-CF-7F-06-E4-BB,L293,-29.68723097,-51.12432009,Grupo 1,0,HDA-01
000AF59F,Luminaria,5C-CF-7F-0A-F5-9F,L064,-29.68876191,-51.12207318,Grupo 1,0,HDA-01
000AF614,Luminaria,5C-CF-7F-0A-F6-14,L296,-29.67350368,-51.13783492,Grupo 1,0,HDA-01
000AF468,Luminaria,5C-CF-7F-0A-F4-68,L069,-29.66708545,-51.13555235,Grupo 1,0,HDA-01
0006E56B,Luminaria,5C-CF-7F-06-E5-6B,L303,-29.68202773,-51.15338859,Grupo 1,0,HDA-01
000AF4AD,Luminaria,5C-CF-7F-0A-F4-AD,L074,-29.68180974,-51.08574186,Grupo 1,0,HDA-01
000AF52F,Luminaria,5C-CF-7F-0A-F5-2F,L308,-29.69469145,-51.08956526,Grupo 1,0,HDA-01
0006E640,Luminaria,5C-CF-7F-06-E6-40,L079,-29.69385683,-51.11036063,Grupo 1,0,HDA-01
000AF663,Luminaria,5C-CF-7F-0A-F6-63,L313,-29.67832946,-51.10542529,Grupo 1,0,HDA-01
0006E5E8,Luminaria,5C-CF-7F-06-E5-E8,L129,-29.67151176,-51.15775661,Grupo 1,0,HDA-01
000AF44D,Luminaria,5C-CF-7F-0A-F4-4D,L323,-29.69010525,-51.11097204,Grupo 1,0,HDA-01
0006E489,Luminaria,5C-CF-7F-06-E4-89,L333,-29.68670294,-51.10931912,Grupo 1,0,HDA-01
0006E552,Luminaria,5C-CF-7F-06-E5-52,L095,-29.68736636,-51.12933982,Grupo 1,0,HDA-01
0006E5CB,Luminaria,5C-CF-7F-06-E5-CB,L318,-29.68293352,-51.13111722,Grupo 1,0,HDA-01
000AF4C1,Luminaria,5C-CF-7F-0A-F4-C1,L120,-29.69182036,-51.1425044,Grupo 1,0,HDA-01
0006E58F,Luminaria,5C-CF-7F-06-E5-8F,L104,-29.67797928,-51.07643535,Grupo 1,0,HDA-01
000AF697,Luminaria,5C-CF-7F-0A-F6-97,L328,-29.68164874,-51.11392448,Grupo 1,0,HDA-01
0006E3F0,Luminaria,5C-CF-7F-06-E3-F0,L086,-29.69443988,-51.08123049,Grupo 1,0,HDA-01
000AF4D2,Luminaria,5C-CF-7F-0A-F4-D2,L111,-29.66736395,-51.13336858,Grupo 1,0,HDA-01
0006E46F,Luminaria,5C-CF-7F-06-E4-6F,L338,-29.69449864,-51.14366882,Grupo 1,0,HDA-01
0006E4E8,Luminaria,5C-CF-7F-06-E4-E8,L347,-29.69051126,-51.09280082,Grupo 1,0,HDA-01
000AF638,Luminaria,5C-CF-7F-0A-F6-38,L136,-29.69491388,-51.15103174,Grupo 1,0,HDA-01
000AF506,Luminaria,5C-CF-7F-0A-F5-06,L351,-29.69105435,-51.09415646,Grupo 1,0,HDA-01
000AF4D9,Luminaria,5C-CF-7F-0A-F4-D9,L102,-29.67639782,-51.13596528,Grupo 1,0,HDA-01
0006E605,Luminaria,5C-CF-7F-06-E6-05,L198,-29.6829995,-51.15065023,Grupo 1,0,HDA-01
0006E431,Luminaria,5C-CF-7F-06-E4-31,L127,-29.69448994,-51.12439412,Grupo 1,0,HDA-01
0006E63F,Luminaria,5C-CF-7F-06-E6-3F,L223,-29.67109243,-51.09784579,Grupo 1,0,HDA-01
0006E71A,Luminaria,5C-CF-7F-06-E7-1A,L145,-29.6908311,-51.13174167,Grupo 1,0,HDA-01
0006E6B4,Luminaria,5C-CF-7F-06-E6-B4,L144,-29.6873782,-51.14636506,Grupo 1,0,HDA-01
0006E398,Luminaria,5C-CF-7F-06-E3-98,L170,-29.68214484,-51.10445786,Grupo 1,0,HDA-01
000AF460,Luminaria,5C-CF-7F-0A-F4-60,L169,-29.67340625,-51.1558756,Grupo 1,0,HDA-01
000AF5C3,Luminaria,5C-CF-7F-0A-F5-C3,L195,-29.68602909,-51.09047482,Grupo 1,0,HDA-01
0006E6A1,Luminaria,5C-CF-7F-06-E6-A1,L194,-29.66612543,-51.12181367,Grupo 1,0,HDA-01
0006E766,Luminaria,5C-CF-7F-06-E7-66,L220,-29.67316822,-51.13991289,Grupo 1,0,HDA-01
000AF6A0,Luminaria,5C-CF-7F-0A-F6-A0,L219,-29.66690126,-51.11439974,Grupo 1,0,HDA-01
000AF474,Luminaria,5C-CF-7F-0A-F4-74,L141,-29.68003313,-51.08431932,Grupo 1,0,HDA-01
0006E4FA,Luminaria,5C-CF-7F-06-E4-FA,L231,-29.68341735,-51.12312541,Grupo 1,0,HDA-01
0006E536,Luminaria,5C-CF-7F-06-E5-36,L166,-29.69277704,-51.15031548,Grupo 1,0,HDA-01
0006E45F,Luminaria,5C-CF-7F-06-E4-5F,L238,-29.67888,-51.1332522,Grupo 1,0,HDA-01
0006E502,Luminaria,5C-CF-7F-06-E5-02,L191,-29.67801932,-51.12174086,Grupo 1,0,HDA-01
000AF5E4,Luminaria,5C-CF-7F-0A-F5-E4,L242,-29.6833911,-51.08669585,Grupo 1,0,HDA-01
0006E549,Luminaria,5C-CF-7F-06-E5-49,L216,-29.68977653,-51.14563066,Grupo 1,0,HDA-01
0006E738,Luminaria,5C-CF-7F-06-E7-38,L248,-29.68987825,-51.14489128,Grupo 1,0,HDA-01
0006E387,Luminaria,5C-CF-7F-06-E3-87,L133,-29.69254068,-51.13833605,Grupo 1,0,HDA-01
0006E772,Luminaria,5C-CF-7F-06-E7-72,L162,-29.6926499,-51.1004199,Grupo 1,0,HDA-01
0006E5FA,Luminaria,5C-CF-7F-06-E5-FA,L187,-29.68515662,-51.10337969,Grupo 1,0,HDA-01
0006E3E7,Luminaria,5C-CF-7F-06-E3-E7,L262,-29.68252769,-51.103692,Grupo 1,0,HDA-01
000AF5CC,Luminaria,5C-CF-7F-0A-F5-CC,L252,-29.68271728,-51.12595167,Grupo 1,0,HDA-01
0006E48F,Luminaria,5C-CF-7F-06-E4-8F,L257,-29.69431705,-51.09840686,Grupo 1,0,HDA-01
000AF677,Luminaria,5C-CF-7F-0A-F6-77,L212,-29.6724686,-51.09137301,Grupo 1,0,HDA-01
000AF56F,Luminaria,5C-CF-7F-0A-F5-6F,L267,-29.67837001,-51.11786839,Grupo 1,0,HDA-01
0006E34C,Luminaria,5C-CF-7F-06-E3-4C,L158,-29.67118008,-51.11035061,Grupo 1,0,HDA-01
000AF4D6,Luminaria,5C-CF-7F-0A-F4-D6,L272,-29.69141325,-51.13146831,Grupo 1,0,HDA-01
0006E5FF,Luminaria,5C-CF-7F-06-E5-FF,L113,-29.69302392,-51.07966285,Grupo 1,0,HDA-01
0006E546,Luminaria,5C-CF-7F-06-E5-46,L277,-29.68314083,-51.1366769,Grupo 1,0,HDA-01
0006E60F,Luminaria,5C-CF-7F-06-E6-0F,L287,-29.68524072,-51.08933409,Grupo 1,0,HDA-01
000AF485,Luminaria,5C-CF-7F-0A-F4-85,L282,-29.67174484,-51.09415311,Grupo 1,0,HDA-01
000AF465,Luminaria,5C-CF-7F-0A-F4-65,L189,-29.69154403,-51.08991617,Grupo 1,0,HDA-01
000AF544,Luminaria,5C-CF-7F-0A-F5-44,L214,-29.66575314,-51.14807238,Grupo 1,0,HDA-01
0006E4AD,Luminaria,5C-CF-7F-06-E4-AD,L232,-29.6843884,-51.15682808,Grupo 1,0,HDA-01
0006E53E,Luminaria,5C-CF-7F-06-E5-3E,L236,-29.6896442,-51.10537734,Grupo 1,0,HDA-01
0006E53B,Luminaria,5C-CF-7F-06-E5-3B,L241,-29.66860806,-51.14742785,Grupo 1,0,HDA-01
0006E661,Luminaria,5C-CF-7F-06-E6-61,L247,-29.69365492,-51.08045778,Grupo 1,0,HDA-01
0006E6F5,Luminaria,5C-CF-7F-06-E6-F5,L251,-29.67836726,-51.12923885,Grupo 1,0,HDA-01
0006E55A,Luminaria,5C-CF-7F-06-E5-5A,L256,-29.67382211,-51.09798774,Grupo 1,0,HDA-01
0006E33F,Luminaria,5C-CF-7F-06-E3-3F,L261,-29.67257601,-51.12317117,Grupo 1,0,HDA-01
0006E39C,Luminaria,5C-CF-7F-06-E3-9C,L292,-29.67046836,-51.13767055,Grupo 1,0,HDA-01
0006E3F6,Luminaria,5C-CF-7F-06-E3-F6,L300,-29.68886017,-51.15774562,Grupo 1,0,HDA-01
000AF529,Luminaria,5C-CF-7F-0A-F5-29,L183,-29.67779488,-51.1107476,Grupo 1,0,HDA-01
000AF5D2,Luminaria,5C-CF-7F-0A-F5-D2,L208,-29.66746512,-51.12631124,Grupo 1,0,HDA-01
0006E59D,Luminaria,5C-CF-7F-06-E5-9D,L093,-29.68778799,-51.11784861,Grupo 1,0,HDA-01
0006E36E,Luminaria,5C-CF-7F-06-E3-6E,L307,-29.68593599,-51.14348003,Grupo 1,0,HDA-01
0006E3A0,Luminaria,5C-CF-7F-06-E3-A0,L154,-29.67885864,-51.08293638,Grupo 1,0,HDA-01
0006E5A8,Luminaria,5C-CF-7F-06-E5-A8,L312,-29.6810343,-51.09124416,Grupo 1,0,HDA-01
0006E6E1,Luminaria,5C-CF-7F-06-E6-E1,L179,-29.68010751,-51.0860096,Grupo 1,0,HDA-01
0006E60C,Luminaria,5C-CF-7F-06-E6-0C,L365,-29.68903782,-51.08324103,Grupo 1,0,HDA-01
000AF6C5,Luminaria,5C-CF-7F-0A-F6-C5,L204,-29.67735779,-51.12782567,Grupo 1,0,HDA-01
000AF425,Luminaria,5C-CF-7F-0A-F4-25,L376,-29.67218648,-51.15260903,Grupo 1,0,HDA-01
0006E404,Luminaria,5C-CF-7F-06-E4-04,L229,-29.67043955,-51.12672063,Grupo 1,0,HDA-01
000AF502,Luminaria,5C-CF-7F-0A-F5-02,L391,-29.68588449,-51.09894154,Grupo 1,0,HDA-01
000AF4F1,Luminaria,5C-CF-7F-0A-F4-F1,L230,-29.68059791,-51.13485972,Grupo 1,0,HDA-01
000AF6A5,Luminaria,5C-CF-7F-0A-F6-A5,L317,-29.68719188,-51.08626647,Grupo 1,0,HDA-01
0006E66F,Luminaria,5C-CF-7F-06-E6-6F,L239,-29.67439855,-51.13763687,Grupo 1,0,HDA-01
000AF4B3,Luminaria,5C-CF-7F-0A-F4-B3,L322,-29.69372164,-51.09888246,Grupo 1,0,HDA-01
000AF6C6,Luminaria,5C-CF-7F-0A-F6-C6,L244,-29.66757809,-51.11182007,Grupo 1,0,HDA-01
000AF6AA,Luminaria,5C-CF-7F-0A-F6-AA,L327,-29.67837122,-51.09817996,Grupo 1,0,HDA-01
0006E5FD,Luminaria,5C-CF-7F-06-E5-FD,L249,-29.66900602,-51.15373056,Grupo 1,0,HDA-01
0006E5D8,Luminaria,5C-CF-7F-06-E5-D8,L332,-29.68661633,-51.10794624,Grupo 1,0,HDA-01
0006E5DA,Luminaria,5C-CF-7F-06-E5-DA,L254,-29.67279889,-51.14597705,Grupo 1,0,HDA-01
0006E3EB,Luminaria,5C-CF-7F-06-E3-EB,L337,-29.67588253,-51.08990764,Grupo 1,0,HDA-01
0006E693,Luminaria,5C-CF-7F-06-E6-93,L259,-29.69237783,-51.08011357,Grupo 1,0,HDA-01
000AF5E2,Luminaria,5C-CF-7F-0A-F5-E2,L342,-29.69495899,-51.11561282,Grupo 1,0,HDA-01
000AF5AD,Luminaria,5C-CF-7F-0A-F5-AD,L264,-29.68457782,-51.0872568,Grupo 1,0,HDA-01
0006E34F,Luminaria,5C-CF-7F-06-E3-4F,L350,-29.68224183,-51.15513555,Grupo 1,0,HDA-01
000AF567,Luminaria,5C-CF-7F-0A-F5-67,L269,-29.67760959,-51.13094765,Grupo 1,0,HDA-01
000AF488,Luminaria,5C-CF-7F-0A-F4-88,L361,-29.6865687,-51.1468601,Grupo 1,0,HDA-01
0006E465,Luminaria,5C-CF-7F-06-E4-65,L279,-29.67893369,-51.11310657,Grupo 1,0,HDA-01
0006E323,Luminaria,5C-CF-7F-06-E3-23,L274,-29.67388577,-51.0848594,Grupo 1,0,HDA-01
0006E3E8,Luminaria,5C-CF-7F-06-E3-E8,L375,-29.69232977,-51.14460323,Grupo 1,0,HDA-01
000AF497,Luminaria,5C-CF-7F-0A-F4-97,L386,-29.6924771,-51.07913736,Grupo 1,0,HDA-01
000AF6C0,Luminaria,5C-CF-7F-0A-F6-C0,L284,-29.69495677,-51.0893126,Grupo 1,0,HDA-01
0006E770,Luminaria,5C-CF-7F-06-E7-70,L382,-29.68584533,-51.09781938,Grupo 1,0,HDA-01
0006E3E5,Luminaria,5C-CF-7F-06-E3-E5,L373,-29.68572671,-51.0953613,Grupo 1,0,HDA-01
0006E47D,Luminaria,5C-CF-7F-06-E4-7D,L392,-29.66902775,-51.12631034,Grupo 1,0,HDA-01
0006E38A,Luminaria,5C-CF-7F-06-E3-8A,L364,-29.69165532,-51.09330263,Grupo 1,0,HDA-01
0006E519,Luminaria,5C-CF-7F-06-E5-19,L309,-29.66905958,-51.12238528,Grupo 1,0,HDA-01
000AF6B6,Luminaria,5C-CF-7F-0A-F6-B6,L314,-29.68122205,-51.12993986,Grupo 1,0,HDA-01
0006E652,Luminaria,5C-CF-7F-06-E6-52,L301,-29.67254838,-51.11664951,Grupo 1,0,HDA-01
0006E367,Luminaria,5C-CF-7F-06-E3-67,L403,-29.66922279,-51.11342263,Grupo 1,0,HDA-01
000AF67A,Luminaria,5C-CF-7F-0A-F6-7A,L389,-29.66817122,-51.08007076,Grupo 1,0,HDA-01
000AF47F,Luminaria,5C-CF-7F-0A-F4-7F,L304,-29.68234038,-51.12268414,Grupo 1,0,HDA-01
000AF446,Luminaria,5C-CF-7F-0A-F4-46,L289,-29.67355355,-51.08835511,Grupo 1,0,HDA-01
0006E6E9,Luminaria,5C-CF-7F-06-E6-E9,L393,-29.68324646,-51.10245757,Grupo 1,0,HDA-01
000AF44E,Luminaria,5C-CF-7F-0A-F4-4E,L324,-29.68921792,-51.1353928,Grupo 1,0,HDA-01
000AF5F0,Luminaria,5C-CF-7F-0A-F5-F0,L413,-29.67061827,-51.10717455,Grupo 1,0,HDA-01
000AF548,Luminaria,5C-CF-7F-0A-F5-48,L294,-29.68594966,-51.09400032,Grupo 1,0,HDA-01
0006E419,Luminaria,5C-CF-7F-06-E4-19,L353,-29.66930904,-51.09833256,Grupo 1,0,HDA-01
0006E750,Luminaria,5C-CF-7F-06-E7-50,L319,-29.68082483,-51.0954406,Grupo 1,0,HDA-01
0006E49F,Luminaria,5C-CF-7F-06-E4-9F,L334,-29.69053719,-51.12491271,Grupo 1,0,HDA-01
0006E67E,Luminaria,5C-CF-7F-06-E6-7E,L408,-29.66803594,-51.07783343,Grupo 1,0,HDA-01
000AF478,Luminaria,5C-CF-7F-0A-F4-78,L483,-29.67576508,-51.14199431,Grupo 1,0,HDA-01
0006E728,Luminaria,5C-CF-7F-06-E7-28,L458,-29.6892424,-51.09199354,Grupo 1,0,HDA-01
000AF462,Luminaria,5C-CF-7F-0A-F4-62,L339,-29.68844114,-51.12199268,Grupo 1,0,HDA-01
0006E6C4,Luminaria,5C-CF-7F-06-E6-C4,L498,-29.69333515,-51.10558167,Grupo 1,0,HDA-01
0006E77C,Luminaria,5C-CF-7F-06-E7-7C,L329,-29.66770935,-51.10308175,Grupo 1,0,HDA-01
000AF649,Luminaria,5C-CF-7F-0A-F6-49,L473,-29.69534659,-51.1069864,Grupo 1,0,HDA-01
0006E5D9,Luminaria,5C-CF-7F-06-E5-D9,L508,-29.66773486,-51.11005812,Grupo 1,0,HDA-01
000AF49D,Luminaria,5C-CF-7F-0A-F4-9D,L366,-29.68188595,-51.15845684,Grupo 1,0,HDA-01
000AF524,Luminaria,5C-CF-7F-0A-F5-24,L433,-29.66572905,-51.13476476,Grupo 1,0,HDA-01
0006E55D,Luminaria,5C-CF-7F-06-E5-5D,L463,-29.69550061,-51.11695513,Grupo 1,0,HDA-01
0006E3D8,Luminaria,5C-CF-7F-06-E3-D8,L266,-29.67322417,-51.15611752,Grupo 1,0,HDA-01
000AF4BB,Luminaria,5C-CF-7F-0A-F4-BB,L352,-29.68982631,-51.10350482,Grupo 1,0,HDA-01
000AF657,Luminaria,5C-CF-7F-0A-F6-57,L363,-29.66984421,-51.13050881,Grupo 1,0,HDA-01
0006E689,Luminaria,5C-CF-7F-06-E6-89,L450,-29.67766003,-51.12567583,Grupo 1,0,HDA-01
0006E355,Luminaria,5C-CF-7F-06-E3-55,L396,-29.67746211,-51.114484,Grupo 1,0,HDA-01
0006E657,Luminaria,5C-CF-7F-06-E6-57,L428,-29.66986496,-51.15836937,Grupo 1,0,HDA-01
0006E554,Luminaria,5C-CF-7F-06-E5-54,L513,-29.6784923,-51.15421927,Grupo 1,0,HDA-01
0006E5F8,Luminaria,5C-CF-7F-06-E5-F8,L418,-29.67399405,-51.08000917,Grupo 1,0,HDA-01
0006E4F4,Luminaria,5C-CF-7F-06-E4-F4,L438,-29.68407937,-51.13275863,Grupo 1,0,HDA-01
0006E35F,Luminaria,5C-CF-7F-06-E3-5F,L374,-29.68873786,-51.09830333,Grupo 1,0,HDA-01
0006E3B4,Luminaria,5C-CF-7F-06-E3-B4,L399,-29.68291055,-51.08955623,Grupo 1,0,HDA-01
0006E681,Luminaria,5C-CF-7F-06-E6-81,L410,-29.67443965,-51.10197322,Grupo 1,0,HDA-01
000AF52B,Luminaria,5C-CF-7F-0A-F5-2B,L378,-29.68922698,-51.09031553,Grupo 1,0,HDA-01
0006E3FA,Luminaria,5C-CF-7F-06-E3-FA,L291,-29.66571425,-51.15209893,Grupo 1,0,HDA-01
0006E5D6,Luminaria,5C-CF-7F-06-E5-D6,L442,-29.69306542,-51.13346469,Grupo 1,0,HDA-01
0006E705,Luminaria,5C-CF-7F-06-E7-05,L372,-29.67581805,-51.08365348,Grupo 1,0,HDA-01
000AF568,Luminaria,5C-CF-7F-0A-F5-68,L423,-29.69433137,-51.12928627,Grupo 1,0,HDA-01
0006E530,Luminaria,5C-CF-7F-06-E5-30,L276,-29.67860489,-51.11348315,Grupo 1,0,HDA-01
0006E6D9,Luminaria,5C-CF-7F-06-E6-D9,L397,-29.68243497,-51.0908891,Grupo 1,0,HDA-01
000AF68D,Luminaria,5C-CF-7F-0A-F6-8D,L400,-29.66903249,-51.12287884,Grupo 1,0,HDA-01
0006E54D,Luminaria,5C-CF-7F-06-E5-4D,L523,-29.68751833,-51.13499717,Grupo 1,0,HDA-01
000AF67C,Luminaria,5C-CF-7F-0A-F6-7C,L349,-29.67966037,-51.08704222,Grupo 1,0,HDA-01
0006E47E,Luminaria,5C-CF-7F-06-E4-7E,L369,-29.68012505,-51.11835961,Grupo 1,0,HDA-01
000AF68E,Luminaria,5C-CF-7F-0A-F6-8E,L488,-29.66754045,-51.08973901,Grupo 1,0,HDA-01
0006E78B,Luminaria,5C-CF-7F-06-E7-8B,L316,-29.68084043,-51.11581488,Grupo 1,0,HDA-01
0006E67A,Luminaria,5C-CF-7F-06-E6-7A,L405,-29.66862945,-51.13247402,Grupo 1,0,HDA-01
0006E527,Luminaria,5C-CF-7F-06-E5-27,L380,-29.69040149,-51.08612136,Grupo 1,0,HDA-01
0006E3F9,Luminaria,5C-CF-7F-06-E3-F9,L447,-29.66791096,-51.07824368,Grupo 1,0,HDA-01
000AF553,Luminaria,5C-CF-7F-0A-F5-53,L503,-29.68301559,-51.12000549,Grupo 1,0,HDA-01
0006E5CE,Luminaria,5C-CF-7F-06-E5-CE,L286,-29.69331512,-51.13825193,Grupo 1,0,HDA-01
0006E5E0,Luminaria,5C-CF-7F-06-E5-E0,L387,-29.68377795,-51.08437023,Grupo 1,0,HDA-01
000AF4A5,Luminaria,5C-CF-7F-0A-F4-A5,L468,-29.69583952,-51.12261537,Grupo 1,0,HDA-01
0006E52C,Luminaria,5C-CF-7F-06-E5-2C,L518,-29.69402171,-51.10495306,Grupo 1,0,HDA-01
0006E763,Luminaria,5C-CF-7F-06-E7-63,L321,-29.69561318,-51.09178048,Grupo 1,0,HDA-01
0006E343,Luminaria,5C-CF-7F-06-E3-43,L311,-29.66744416,-51.09246859,Grupo 1,0,HDA-01
0006E5E5,Luminaria,5C-CF-7F-06-E5-E5,L297,-29.68916197,-51.12839867,Grupo 1,0,HDA-01
000AF687,Luminaria,5C-CF-7F-0A-F6-87,L394,-29.68559378,-51.0806648,Grupo 1,0,HDA-01
000AF693,Luminaria,5C-CF-7F-0A-F6-93,L281,-29.68482489,-51.1243737,Grupo 1,0,HDA-01
000AF481,Luminaria,5C-CF-7F-0A-F4-81,L295,-29.68303148,-51.14358613,Grupo 1,0,HDA-01
0006E5D4,Luminaria,5C-CF-7F-06-E5-D4,L271,-29.68415589,-51.08962055,Grupo 1,0,HDA-01
000AF65C,Luminaria,5C-CF-7F-0A-F6-5C,L478,-29.68981163,-51.12040075,Grupo 1,0,HDA-01
0006E590,Luminaria,5C-CF-7F-06-E5-90,L355,-29.67624585,-51.12950048,Grupo 1,0,HDA-01
0006E777,Luminaria,5C-CF-7F-06-E7-77,L493,-29.68942366,-51.12494402,Grupo 1,0,HDA-01
000AF508,Luminaria,5C-CF-7F-0A-F5-08,L306,-29.6738655,-51.07826045,Grupo 1,0,HDA-01
0006E52B,Luminaria,5C-CF-7F-06-E5-2B,L358,-29.67957886,-51.13543804,Grupo 1,0,HDA-01
0006E775,Luminaria,5C-CF-7F-06-E7-75,L395,-29.66899845,-51.09772856,Grupo 1,0,HDA-01
0006E460,Luminaria,5C-CF-7F-06-E4-60,L326,-29.69347588,-51.13740583,Grupo 1,0,HDA-01
0006E420,Luminaria,5C-CF-7F-06-E4-20,L398,-29.69258871,-51.07826186,Grupo 1,0,HDA-01
000AF60C,Luminaria,5C-CF-7F-0A-F6-0C,L331,-29.66867688,-51.15488166,Grupo 1,0,HDA-01
000AF640,Luminaria,5C-CF-7F-0A-F6-40,L404,-29.67430535,-51.13607057,Grupo 1,0,HDA-01
0006E4E0,Luminaria,5C-CF-7F-06-E4-E0,L336,-29.68980726,-51.07607348,Grupo 1,0,HDA-01
0006E4B6,Luminaria,5C-CF-7F-06-E4-B6,L409,-29.67097685,-51.13821868,Grupo 1,0,HDA-01
0006E5FB,Luminaria,5C-CF-7F-06-E5-FB,L340,-29.69273918,-51.09689255,Grupo 1,0,HDA-01
0006E6F8,Luminaria,5C-CF-7F-06-E6-F8,L414,-29.67407108,-51.13988306,Grupo 1,0,HDA-01
000AF5EF,Luminaria,5C-CF-7F-0A-F5-EF,L346,-29.68065517,-51.15020244,Grupo 1,0,HDA-01
0006E5CD,Luminaria,5C-CF-7F-06-E5-CD,L419,-29.68094151,-51.08588577,Grupo 1,0,HDA-01
0006E498,Luminaria,5C-CF-7F-06-E4-98,L360,-29.68566669,-51.09566881,Grupo 1,0,HDA-01
0006E5B1,Luminaria,5C-CF-7F-06-E5-B1,L424,-29.67050961,-51.08854539,Grupo 1,0,HDA-01
000AF67E,Luminaria,5C-CF-7F-0A-F6-7E,L371,-29.68157783,-51.11348465,Grupo 1,0,HDA-01
000AF5D3,Luminaria,5C-CF-7F-0A-F5-D3,L429,-29.67077093,-51.08741197,Grupo 1,0,HDA-01
0006E571,Luminaria,5C-CF-7F-06-E5-71,L385,-29.69287991,-51.11406073,Grupo 1,0,HDA-01
000AF498,Luminaria,5C-CF-7F-0A-F4-98,L367,-29.68821293,-51.09868508,Grupo 5,0,HDA-01
000AF5AC,Luminaria,5C-CF-7F-0A-F5-AC,L434,-29.67176945,-51.14539571,Grupo 1,0,HDA-01
0006E584,Luminaria,5C-CF-7F-06-E5-84,L439,-29.6948269,-51.11441178,Grupo 1,0,HDA-01
000AF6C3,Luminaria,5C-CF-7F-0A-F6-C3,L270,-29.68345113,-51.12295329,Grupo 1,0,HDA-01
0006E5A0,Luminaria,5C-CF-7F-06-E5-A0,L444,-29.66579355,-51.15811252,Grupo 1,0,HDA-01
0006E597,Luminaria,5C-CF-7F-06-E5-97,L275,-29.69286229,-51.0770251,Grupo 1,0,HDA-01
000AF68C,Luminaria,5C-CF-7F-0A-F6-8C,L455,-29.6695873,-51.11623931,Grupo 1,0,HDA-01
0006E5F1,Luminaria,5C-CF-7F-06-E5-F1,L280,-29.67001747,-51.11548819,Grupo 1,0,HDA-01
0006E441,Luminaria,5C-CF-7F-06-E4-41,L452,-29.66675808,-51.11719265,Grupo 1,0,HDA-01
0006E69C,Luminaria,5C-CF-7F-06-E6-9C,L285,-29.67679673,-51.15210649,Grupo 1,0,HDA-01
0006E4AC,Luminaria,5C-CF-7F-06-E4-AC,L459,-29.69027614,-51.12928033,Grupo 1,0,HDA-01
0006E48C,Luminaria,5C-CF-7F-06-E4-8C,L290,-29.68802458,-51.12517131,Grupo 1,0,HDA-01
000AF5B9,Luminaria,5C-CF-7F-0A-F5-B9,L464,-29.6845011,-51.14510709,Grupo 1,0,HDA-01
000AF5F4,Luminaria,5C-CF-7F-0A-F5-F4,L299,-29.67973173,-51.11661854,Grupo 1,0,HDA-01
0006E631,Luminaria,5C-CF-7F-06-E6-31,L469,-29.68206133,-51.08552081,Grupo 1,0,HDA-01
000AF65A,Luminaria,5C-CF-7F-0A-F6-5A,L298,-29.6773403,-51.0897584,Grupo 1,0,HDA-01
0006E758,Luminaria,5C-CF-7F-06-E7-58,L474,-29.6894797,-51.1480686,Grupo 1,0,HDA-01
000AF605,Luminaria,5C-CF-7F-0A-F6-05,L479,-29.68642029,-51.1505747,Grupo 1,0,HDA-01
0006E61F,Luminaria,5C-CF-7F-06-E6-1F,L305,-29.67397521,-51.1483952,Grupo 1,0,HDA-01
0006E338,Luminaria,5C-CF-7F-06-E3-38,L310,-29.6809009,-51.10294793,Grupo 1,0,HDA-01
0006E6CA,Luminaria,5C-CF-7F-06-E6-CA,L484,-29.69537164,-51.09289377,Grupo 1,0,HDA-01
000AF428,Luminaria,5C-CF-7F-0A-F4-28,L315,-29.67936514,-51.09806372,Grupo 1,0,HDA-01
000AF426,Luminaria,5C-CF-7F-0A-F4-26,L489,-29.68260959,-51.12949652,Grupo 1,0,HDA-01
000AF46A,Luminaria,5C-CF-7F-0A-F4-6A,L320,-29.67775928,-51.11969968,Grupo 1,0,HDA-01
0006E5B6,Luminaria,5C-CF-7F-06-E5-B6,L494,-29.68904604,-51.15647919,Grupo 1,0,HDA-01
000AF60A,Luminaria,5C-CF-7F-0A-F6-0A,L325,-29.68378095,-51.09149508,Grupo 1,0,HDA-01
0006E38C,Luminaria,5C-CF-7F-06-E3-8C,L499,-29.68045994,-51.15159491,Grupo 1,0,HDA-01
000AF673,Luminaria,5C-CF-7F-0A-F6-73,L504,-29.66748086,-51.15828397,Grupo 1,0,HDA-01
0006E508,Luminaria,5C-CF-7F-06-E5-08,L335,-29.69306773,-51.07775263,Grupo 1,0,HDA-01
000AF593,Luminaria,5C-CF-7F-0A-F5-93,L330,-29.66875233,-51.11554949,Grupo 1,0,HDA-01
0006E756,Luminaria,5C-CF-7F-06-E7-56,L509,-29.68889344,-51.10966019,Grupo 1,0,HDA-01
0006E628,Luminaria,5C-CF-7F-06-E6-28,L341,-29.67753333,-51.12854702,Grupo 1,0,HDA-01
0006E491,Luminaria,5C-CF-7F-06-E4-91,L514,-29.67911185,-51.08698371,Grupo 1,0,HDA-01
0006E463,Luminaria,5C-CF-7F-06-E4-63,L345,-29.69350677,-51.15383615,Grupo 1,0,HDA-01
000AF6B7,Luminaria,5C-CF-7F-0A-F6-B7,L356,-29.6722118,-51.07613563,Grupo 1,0,HDA-01
000AF654,Luminaria,5C-CF-7F-0A-F6-54,L381,-29.6727657,-51.0819649,Grupo 1,0,HDA-01
000AF60B,Luminaria,5C-CF-7F-0A-F6-0B,L343,-29.66807601,-51.12481952,Grupo 1,0,HDA-01
0006E376,Luminaria,5C-CF-7F-06-E3-76,L370,-29.67356077,-51.1246485,Grupo 1,0,HDA-01
0006E43E,Luminaria,5C-CF-7F-06-E4-3E,L379,-29.67495485,-51.12252341,Grupo 1,0,HDA-01
000AF603,Luminaria,5C-CF-7F-0A-F6-03,L354,-29.68965739,-51.08934515,Grupo 1,0,HDA-01
000AF55D,Luminaria,5C-CF-7F-0A-F5-5D,L383,-29.67724377,-51.14710958,Grupo 1,0,HDA-01
0006E671,Luminaria,5C-CF-7F-06-E6-71,L357,-29.67647933,-51.08375088,Grupo 1,0,HDA-01
000AF630,Luminaria,5C-CF-7F-0A-F6-30,L368,-29.68390044,-51.14883022,Grupo 1,0,HDA-01
0006E407,Luminaria,5C-CF-7F-06-E4-07,L377,-29.68609727,-51.12533801,Grupo 1,0,HDA-01
0006E72D,Luminaria,5C-CF-7F-06-E7-2D,L519,-29.68346984,-51.11618834,Grupo 1,0,HDA-01
0006E6BA,Luminaria,5C-CF-7F-06-E6-BA,L524,-29.68829802,-51.14160923,Grupo 1,0,HDA-01
0006E5C7,Luminaria,5C-CF-7F-06-E5-C7,L415,-29.6875193,-51.11219267,Grupo 1,0,HDA-01
000AF520,Luminaria,5C-CF-7F-0A-F5-20,L420,-29.6953689,-51.10653911,Grupo 1,0,HDA-01
0006E6B0,Luminaria,5C-CF-7F-06-E6-B0,L425,-29.69532362,-51.11048707,Grupo 1,0,HDA-01
000AF5C2,Luminaria,5C-CF-7F-0A-F5-C2,L491,-29.68506497,-51.143179,Grupo 1,0,HDA-01
0006E598,Luminaria,5C-CF-7F-06-E5-98,L496,-29.691094,-51.10769315,Grupo 1,0,HDA-01
0006E665,Luminaria,5C-CF-7F-06-E6-65,L583,-29.69351769,-51.11623369,Grupo 1,0,HDA-01
0006E378,Luminaria,5C-CF-7F-06-E3-78,L527,-29.688226,-51.09349647,Grupo 1,0,HDA-01
0006E61C,Luminaria,5C-CF-7F-06-E6-1C,L587,-29.67077295,-51.09328491,Grupo 1,0,HDA-01
000AF6B2,Luminaria,5C-CF-7F-0A-F6-B2,L564,-29.69381841,-51.148788,Grupo 1,0,HDA-01
0006E774,Luminaria,5C-CF-7F-06-E7-74,L462,-29.69151533,-51.083516,Grupo 1,0,HDA-01
000AF669,Luminaria,5C-CF-7F-0A-F6-69,L586,-29.6728141,-51.14931393,Grupo 1,0,HDA-01
0006E788,Luminaria,5C-CF-7F-06-E7-88,L591,-29.67520013,-51.14345648,Grupo 1,0,HDA-01
0006E342,Luminaria,5C-CF-7F-06-E3-42,L580,-29.68456573,-51.08502385,Grupo 1,0,HDA-01
0006E478,Luminaria,5C-CF-7F-06-E4-78,L588,-29.67889459,-51.09067772,Grupo 1,0,HDA-01
000AF4DE,Luminaria,5C-CF-7F-0A-F4-DE,L592,-29.6848242,-51.10916407,Grupo 1,0,HDA-01
0006E4C4,Luminaria,5C-CF-7F-06-E4-C4,L585,-29.66691693,-51.14570434,Grupo 1,0,HDA-01
0006E501,Luminaria,5C-CF-7F-06-E5-01,L596,-29.6662644,-51.14489114,Grupo 1,0,HDA-01
000AF5ED,Luminaria,5C-CF-7F-0A-F5-ED,L597,-29.67037654,-51.0963113,Grupo 1,0,HDA-01
000AF4B2,Luminaria,5C-CF-7F-0A-F4-B2,L593,-29.67285625,-51.14222225,Grupo 1,0,HDA-01
0006E647,Luminaria,5C-CF-7F-06-E6-47,L584,-29.67586672,-51.15474395,Grupo 1,0,HDA-01
000AF432,Luminaria,5C-CF-7F-0A-F4-32,L602,-29.66767406,-51.11125568,Grupo 1,0,HDA-01
0006E550,Luminaria,5C-CF-7F-06-E5-50,L589,-29.6951872,-51.1436297,Grupo 1,0,HDA-01
0006E34E,Luminaria,5C-CF-7F-06-E3-4E,L607,-29.67110278,-51.12433222,Grupo 1,0,HDA-01
000AF648,Luminaria,5C-CF-7F-0A-F6-48,L601,-29.67399134,-51.11603911,Grupo 1,0,HDA-01
0006E4E9,Luminaria,5C-CF-7F-06-E4-E9,L598,-29.68871111,-51.11874463,Grupo 1,0,HDA-01
0006E411,Luminaria,5C-CF-7F-06-E4-11,L590,-29.67254786,-51.09533985,Grupo 1,0,HDA-01
000AF539,Luminaria,5C-CF-7F-0A-F5-39,L605,-29.67447493,-51.0783361,Grupo 1,0,HDA-01
0006E643,Luminaria,5C-CF-7F-06-E6-43,L595,-29.66621726,-51.09521417,Grupo 1,0,HDA-01
0006E5B0,Luminaria,5C-CF-7F-06-E5-B0,L603,-29.67166702,-51.15552653,Grupo 1,0,HDA-01
000AF52A,Luminaria,5C-CF-7F-0A-F5-2A,L610,-29.68064855,-51.12472793,Grupo 1,0,HDA-01
000AF5D6,Luminaria,5C-CF-7F-0A-F5-D6,L594,-29.67162288,-51.15272178,Grupo 1,0,HDA-01
0006E6EA,Luminaria,5C-CF-7F-06-E6-EA,L600,-29.67011543,-51.1173282,Grupo 1,0,HDA-01
000AF665,Luminaria,5C-CF-7F-0A-F6-65,L616,-29.6882351,-51.09410709,Grupo 1,0,HDA-01
000AF45D,Luminaria,5C-CF-7F-0A-F4-5D,L608,-29.6959973,-51.13642363,Grupo 1,0,HDA-01
0006E729,Luminaria,5C-CF-7F-06-E7-29,L599,-29.67163194,-51.10482736,Grupo 1,0,HDA-01
0006E524,Luminaria,5C-CF-7F-06-E5-24,L621,-29.67636663,-51.10680479,Grupo 1,0,HDA-01
0006E753,Luminaria,5C-CF-7F-06-E7-53,L612,-29.69363889,-51.11039098,Grupo 1,0,HDA-01
0006E547,Luminaria,5C-CF-7F-06-E5-47,L606,-29.67373598,-51.0798981,Grupo 1,0,HDA-01
000AF4E2,Luminaria,5C-CF-7F-0A-F4-E2,L626,-29.6940106,-51.14168852,Grupo 1,0,HDA-01
0006E4EA,Luminaria,5C-CF-7F-06-E4-EA,L613,-29.66804104,-51.07779302,Grupo 1,0,HDA-01
000AF470,Luminaria,5C-CF-7F-0A-F4-70,L618,-29.68369958,-51.12839063,Grupo 1,0,HDA-01
0006E761,Luminaria,5C-CF-7F-06-E7-61,L631,-29.67738258,-51.08620775,Grupo 1,0,HDA-01
0006E68F,Luminaria,5C-CF-7F-06-E6-8F,L611,-29.67148181,-51.09959721,Grupo 1,0,HDA-01
0006E62B,Luminaria,5C-CF-7F-06-E6-2B,L619,-29.6689006,-51.12560218,Grupo 1,0,HDA-01
0006E334,Luminaria,5C-CF-7F-06-E3-34,L615,-29.69568574,-51.08815489,Grupo 1,0,HDA-01
000AF534,Luminaria,5C-CF-7F-0A-F5-34,L623,-29.68686315,-51.11383181,Grupo 1,0,HDA-01
000AF64E,Luminaria,5C-CF-7F-0A-F6-4E,L620,-29.67501136,-51.15385002,Grupo 1,0,HDA-01
000AF676,Luminaria,5C-CF-7F-0A-F6-76,L628,-29.68017084,-51.12420248,Grupo 1,0,HDA-01
0006E60D,Luminaria,5C-CF-7F-06-E6-0D,L625,-29.67959687,-51.12715772,Grupo 1,0,HDA-01
000AF4DB,Luminaria,5C-CF-7F-0A-F4-DB,L633,-29.67408637,-51.15463994,Grupo 1,0,HDA-01
0006E440,Luminaria,5C-CF-7F-06-E4-40,L630,-29.68766933,-51.09298376,Grupo 1,0,HDA-01
0006E515,Luminaria,5C-CF-7F-06-E5-15,L622,-29.67386535,-51.15007347,Grupo 1,0,HDA-01
000AF477,Luminaria,5C-CF-7F-0A-F4-77,L604,-29.68010392,-51.0809182,Grupo 1,0,HDA-01
0006E5CF,Luminaria,5C-CF-7F-06-E5-CF,L627,-29.6911735,-51.12623114,Grupo 1,0,HDA-01
0006E723,Luminaria,5C-CF-7F-06-E7-23,L609,-29.68926867,-51.14136728,Grupo 1,0,HDA-01
0006E697,Luminaria,5C-CF-7F-06-E6-97,L632,-29.69072165,-51.13695697,Grupo 1,0,HDA-01
0006E33D,Luminaria,5C-CF-7F-06-E3-3D,L614,-29.67694992,-51.13130909,Grupo 1,0,HDA-01
0006E32D,Luminaria,5C-CF-7F-06-E3-2D,L624,-29.67497406,-51.1500862,Grupo 1,0,HDA-01
0006E72B,Luminaria,5C-CF-7F-06-E7-2B,L123,-29.66933258,-51.11536585,Grupo 1,0,HDA-01
009E805E,Luminaria,18-FE-34-9E-80-5E,L800,-29.66849424,-51.12470246,Anderson,0,HDA-01
